id,start_date_local,name,type,moving_time,distance,elapsed_time,total_elevation_gain,max_speed,average_speed,has_heartrate,max_heartrate,average_heartrate,average_cadence,calories,device_watts,icu_average_watts,icu_normalized_watts,icu_joules,icu_intensity,icu_training_load,icu_training_load_edited,icu_rpe,pace,icu_fatigue,icu_fitness,icu_eftp,icu_variability,icu_efficiency,trainer,commute,race,sub_type,icu_ftp,icu_w_prime,p_max,threshold_pace,power_load,hr_load,pace_load,icu_resting_hr,lthr,hr_z1,hr_z2,hr_z3,hr_z4,hr_z5,hr_z6,hr_max,hr_z1_secs,hr_z2_secs,hr_z3_secs,hr_z4_secs,hr_z5_secs,hr_z6_secs,hr_z7_secs,z1_secs,z2_secs,z3_secs,z4_secs,z5_secs,z6_secs,z7_secs,sweet_spot_secs,icu_weight,icu_ignore_power,icu_ignore_hr,icu_ignore_time,icu_recording_time,icu_warmup_time,icu_cooldown_time,icu_hrrc,icu_hrrc_start_bpm,icu_power_spike_threshold,icu_pm_ftp,icu_pm_cp,icu_pm_w_prime,icu_pm_p_max,start_date,icu_sync_date,timezone,file_type,external_id,compliance,gear,description
i153212895,2026-06-01T18:03:00,"Frederiksberg - W5 Mon Intervals - 400s into 200","Run",3501,9475.44,3762,63.779762,4.591,2.655,true,195,173,78.91009,602,true,,,,90.68962,83,,7,2.7064955,31.064837,26.374355,,,,,false,false,,,,,,,83,,64,182,153,162,171,181,186,191,200,162,358,787,1268,519,313,97,,,,,,,,,58.0,false,false,false,3633,300,300,27,182,,,,,,2026-06-01T16:03:00Z,2026-06-01T17:06:33Z,,"fit","23093482361",,,
i152504799,2026-05-29T14:21:47,"Copenhagen Running","Run",2389,6308.55,2418,27.372156,7.688,2.609,true,185,175,86.766174,408,true,,,,93.74302,59,,3,2.6406655,30.725363,26.22971,,,,,false,false,,,,,,,59,,63,182,153,162,171,181,186,191,200,93,32,337,1427,493,0,0,,,,,,,,,58.0,false,false,false,2417,300,300,,,,,,,,2026-05-29T12:21:47Z,2026-05-29T13:03:40Z,,"fit","23055739323",,,
i151965914,2026-05-27T16:34:34,"Copenhagen - W4 Wed Tempo - Rolling 400s (8km","Run",2501,7530.69,2877,47.203938,3.835,2.987,true,198,179,85.31458,447,true,,,,97.61659,68,,7,3.0110714,30.434929,26.053087,,,,,false,false,,,,,,,68,,56,182,153,162,171,181,186,191,200,146,121,244,547,555,470,412,,,,,,,,,58.0,false,false,false,2569,300,300,19,185,,,,,,2026-05-27T14:34:34Z,2026-05-27T15:24:39Z,,"fit","23032802703",,,
i151017527,2026-05-24T10:13:45,"Frederiksberg - W3 Sun Easy Run #3 - 6km Easy Ru","Run",3099,8582.8,3413,46.277267,3.77,2.74,true,194,181,87.398766,545,true,,,,98.76219,87,,3,2.7695384,32.823677,26.263708,,,,,false,false,,,,,,,87,,63,182,153,162,171,181,186,191,200,68,146,321,466,636,1277,185,,,,,,,,,58.0,false,false,false,3211,300,300,,,,,,,,2026-05-24T08:13:45Z,2026-05-24T09:12:20Z,,"fit","22992271433",,,
i150593427,2026-05-22T16:42:58,"Copenhagen - W3 Fri Easy Run #2 - 5km Easy Ru","Run",2037,5991.29,2298,37.33982,4.385,2.923,true,187,175,86.01182,356,true,,,,93.28141,51,,2,2.9412322,28.267061,25.397821,,,,,false,false,,,,,,,51,,53,182,153,162,171,181,186,191,200,91,214,302,417,928,88,0,,,,,,,,,58.0,false,false,false,2110,300,300,,,,,,,,2026-05-22T14:42:58Z,2026-05-22T15:23:11Z,,"fit","22972847053",,,
i149035760,2026-05-17T12:34:16,"Frederiksberg - W2 Sun Long Run - 12km Progressi","Run",3965,12011.66,4642,44.584248,3.844,3.014,true,197,177,87.21425,705,true,,,,94.96057,103,,6,3.0294225,43.873352,27.257063,,,,,false,false,,,,,,,103,,64,182,153,162,171,181,186,191,200,185,130,492,1711,803,415,239,,,,,,,,,58.0,false,false,false,4112,300,300,14,194,,,,,,2026-05-17T10:34:16Z,2026-05-17T11:54:21Z,,"fit","22911953780",,,
i148445039,2026-05-15T12:02:40,"Copenhagen Running","Run",2125,6149.09,2247,32.392292,3.695,2.829,true,190,180,87.0352,387,true,,,,98.00212,58,,6,2.8936894,40.136642,26.04481,,,,,false,false,,,,,,,58,,59,182,153,162,171,181,186,191,200,46,88,200,281,1044,454,0,,,,,,,,,58.0,false,false,false,2174,300,300,,,,,,,,2026-05-15T10:02:40Z,2026-05-15T10:41:51Z,,"fit","22888132519",,,
i148094492,2026-05-14T10:16:51,"Frederiksberg - W2 Thu Tempo - Tempo 2-1-1 (8km)","Run",2808,8292.33,3183,44.09425,4.32,2.846,true,195,178,85.2571,510,true,,,,95.23409,75,,8,2.953109,37.393456,25.274841,,,,,false,false,,,,,,,75,,59,182,153,162,171,181,186,191,200,126,99,425,990,251,465,454,,,,,,,,,58.0,false,false,false,2977,300,300,44,188,,,,,,2026-05-14T08:16:51Z,2026-05-14T09:11:12Z,,"fit","22875727176",,,
i147881906,2026-05-13T16:30:41,"Copenhagen - W2 Wed Easy Run #2 - 7.5km Easy","Run",2654,7177.89,3475,38.457375,4.731,2.669,true,174,157,87.41451,421,true,,,,76.20007,45,,1,2.7045555,31.618408,24.076702,,,,,false,false,,,,,,,45,,62,182,153,162,171,181,186,191,200,617,749,1269,19,0,0,0,,,,,,,,,58.0,false,false,false,2790,300,300,,,,,,,,2026-05-13T14:30:41Z,2026-05-13T15:29:09Z,,"fit","22868026636",,,
i147260771,2026-05-11T16:32:26,"Copenhagen - W1 Mon Tempo - Rolling 300s (7.2","Run",2447,7339.41,2857,38.983997,4.255,2.953,true,195,178,85.73858,438,true,,,,96.45234,66,,5,2.9993503,34.10338,24.140535,,,,,false,false,,,,,,,66,,59,182,153,162,171,181,186,191,200,107,127,391,588,360,551,321,,,,,,,,,58.0,false,false,false,2554,300,300,25,185,,,,,,2026-05-11T14:32:26Z,2026-05-11T15:20:42Z,,"fit","22843901570",,,
i146684490,2026-05-09T11:19:49,"Frederiksberg - W1 Sat Long Run - 12km Long Run","Run",4392,12013.28,5228,59.644676,4.563,2.706,true,183,168,86.80083,729,true,,,,84.78069,94,,2,2.735264,33.690063,23.689291,,,,,false,false,,,,,,,94,,58,182,153,162,171,181,186,191,200,335,612,1704,1639,109,0,0,,,,,,,,,58.0,false,false,false,4708,300,300,,,,,,,,2026-05-09T09:19:49Z,2026-05-09T10:48:13Z,,"fit","22818535036",,,
i146014323,2026-05-06T17:06:33,"Copenhagen - W1 Wed Easy Run - 7km Easy Run (","Run",2152,6513.7,2417,34.945534,3.611,3.006,true,187,174,86.0533,377,true,,,,92.70704,53,,1,3.0268123,32.507393,23.067863,,,,,false,false,,,,,,,53,,60,182,153,162,171,181,186,191,200,162,113,109,1288,466,19,0,,,,,,,,,58.0,false,false,false,2220,300,300,14,186,,,,,,2026-05-06T15:06:33Z,2026-05-06T18:46:11Z,,"fit","22789011621",,,
i145545338,2026-05-05T09:55:22,"Frederiksberg - W1 Tue Intervals - 400m Repeats","Run",2148,5918.87,2168,29.632763,4.096,2.731,true,191,175,79.84434,370,true,,,,93.83389,53,,6,2.755526,29.360447,22.346642,,,,,false,false,,,,,,,53,,58,182,153,162,171,181,186,191,200,161,126,376,838,354,291,0,,,,,,,,,58.0,false,false,false,2167,300,300,32,187,,,,,,2026-05-05T07:55:22Z,2026-05-05T08:32:16Z,,"fit","22770011378",,,
i144732162,2026-05-02T10:17:02,"Frederiksberg Running","Run",1542,4242.82,1645,20.947544,3.975,2.735,true,177,166,86.43673,254,true,,,,84.615166,32,,1,2.7515044,34.239544,22.661888,,,,,false,false,,,,,,,32,,55,182,153,162,171,181,186,191,200,105,268,663,508,0,0,0,,,,,,,,,58.0,false,false,false,1609,300,300,,,,,,,,2026-05-02T08:17:02Z,2026-05-02T08:45:27Z,,"fit","22734504781",,,
i144632017,2026-05-01T18:08:48,"Cardio","Workout",3856,,3856,,,0.0,true,196,151,,463,,,,,79.680855,67,,,,34.583458,22.436884,,,,,false,false,,,,,,,67,,62,182,153,162,171,181,186,191,200,1890,126,256,391,832,296,12,,,,,,,,,58.0,false,false,false,3799,1200,600,32,185,,,,,,2026-05-01T16:08:48Z,2026-05-01T17:18:30Z,,"fit","22728874500",,,
i144101805,2026-04-29T17:57:50,"Frederiksberg - Short sprint repeats","Run",2723,7320.38,3071,34.675533,5.16,2.673,true,198,173,78.20332,455,true,,,,93.247116,67,,4,2.6883512,34.151768,23.531155,,,,,false,false,,,,,,,67,,55,182,153,162,171,181,186,191,200,395,192,356,783,294,287,418,,,,,,,,,58.0,false,false,false,2774,300,300,43,198,,,,,,2026-04-29T15:57:50Z,2026-04-29T16:50:44Z,,"fit","22704314087",,,
i143737502,2026-04-28T16:35:15,"Copenhagen Running","Run",2642,7442.02,2850,49.801846,4.339,2.804,true,190,164,87.2582,433,true,,,,83.73845,53,,3,2.816813,29.10743,22.483763,,,,,false,false,,,,,,,53,,54,182,153,162,171,181,186,191,200,224,539,1451,319,91,22,0,,,,,,,,,58.899,false,false,false,2721,300,300,,,,,,,,2026-04-28T14:35:15Z,2026-04-28T15:27:02Z,,"fit","22690718812",,,
i143690164,2026-04-26T15:09:09,"Frederiksberg Running","Run",3030,8598.19,3532,43.954056,5.244,2.824,true,200,176,85.3282,523,true,,,,95.45923,79,,5,2.8376865,29.34481,22.272501,,,,,false,false,,,,,,,79,,54,182,153,162,171,181,186,191,200,278,264,402,893,342,133,718,,,,,,,,,58.899,false,false,false,3121,300,300,30,198,,,,,,2026-04-26T13:09:09Z,2026-04-28T12:51:48Z,,"fit","astroseirk@gmail.com_431818154814.fit",,,
i143690142,2026-04-21T18:13:24,"Porto Running","Run",4326,12009.0,4952,314.4264,3.76,2.745,true,188,171,86.417946,729,true,,,,88.27155,99,,3,2.7760055,38.4608,22.994545,,,,,false,false,,,,,,,99,,54,182,153,162,171,181,186,191,200,418,582,625,2263,362,79,0,,,,,,,,,58.899,false,false,false,4574,300,300,13,188,,,,,,2026-04-21T17:13:24Z,2026-04-28T12:51:45Z,,"fit","astroseirk@gmail.com_430146447895.fit",,,
i143690130,2026-04-20T14:12:49,"Frederiksberg Running","Run",1335,4319.19,1420,21.020874,4.152,3.214,true,195,185,88.03815,248,true,,,,103.54836,40,,7,3.2353482,29.164099,21.163176,,,,,false,false,,,,,,,40,,54,182,153,162,171,181,186,191,200,39,16,35,148,314,372,413,,,,,,,,,58.899,false,false,false,1343,300,300,,,,,,,,2026-04-20T12:12:49Z,2026-04-28T12:51:42Z,,"fit","astroseirk@gmail.com_429720014322.fit",,,
i143690122,2026-04-18T09:05:57,"Copenhagen Running","Run",2068,5626.51,2179,32.470497,3.191,2.582,true,187,173,88.78798,369,true,,,,90.90909,50,,1,2.7207494,31.723133,21.208292,,,,,false,false,,,,,,,50,,54,182,153,162,171,181,186,191,200,175,80,273,1052,480,4,0,,,,,,,,,58.899,false,false,false,2178,300,300,,,,,,,,2026-04-18T07:05:57Z,2026-04-28T12:51:41Z,,"fit","astroseirk@gmail.com_428962179847.fit",,,
i143690117,2026-04-17T17:48:57,"Strength","WeightTraining",4053,,4053,,,0.0,true,152,105,,249,,,,,43.204937,21,,,,28.916447,20.51455,,,,,false,false,,,,,,,21,,54,182,153,162,171,181,186,191,200,4054,0,0,0,0,0,0,,,,,,,,,58.899,false,false,false,4050,1200,600,,,,,,,,2026-04-17T15:48:57Z,2026-04-28T12:51:39Z,,"fit","astroseirk@gmail.com_428744163180.fit",,,
i143690100,2026-04-15T18:12:12,"Frederiksberg - Intervals 15. April","Run",2511,6690.47,2663,35.7433,4.395,2.596,true,196,176,78.632515,434,true,,,,94.59161,64,,7,2.6644645,34.759377,21.515066,,,,,false,false,,,,,,,64,,54,182,153,162,171,181,186,191,200,326,158,201,662,333,469,354,,,,,,,,,58.899,false,false,false,2575,300,300,31,185,,,,,,2026-04-15T16:12:12Z,2026-04-28T12:51:38Z,,"fit","astroseirk@gmail.com_428060858900.fit",,,
i143690088,2026-04-13T17:56:11,"Frederiksberg Running","Run",2999,8288.55,3289,40.24408,4.871,2.737,true,187,170,88.25464,503,true,,,,87.5468,67,,2,2.7637713,34.917305,20.985126,,,,,false,false,,,,,,,67,,54,182,153,162,171,181,186,191,200,173,330,911,1395,165,26,0,,,,,,,,,58.899,false,false,false,3147,300,300,,,,,,,,2026-04-13T15:56:11Z,2026-04-28T12:51:36Z,,"fit","astroseirk@gmail.com_427373651010.fit",,,
i143690067,2026-04-12T14:06:58,"Frederiksberg - 4km tempo","Run",2039,6585.43,2935,23.595531,4.217,3.201,true,195,177,87.2521,364,true,,,,95.266106,54,,8,3.2297351,29.990528,19.876387,,,,,false,false,,,,,,,54,,54,182,153,162,171,181,186,191,200,121,170,419,233,329,572,201,,,,,,,,,58.899,false,false,false,2142,300,300,,,,,,,,2026-04-12T12:06:58Z,2026-04-28T12:51:34Z,,"fit","astroseirk@gmail.com_426985816459.fit",,,
i143690056,2026-04-09T09:44:11,"Rojales Running","Run",2939,8296.35,2942,55.615257,3.359,2.82,true,187,176,87.301895,505,true,,,,95.17428,74,,6,2.8228478,35.002407,19.983461,,,,,false,false,,,,,,,74,,54,182,153,162,171,181,186,191,200,72,104,391,1549,740,83,0,,,,,,,,,58.899,false,false,false,2941,300,300,10,183,,,,,,2026-04-09T07:44:11Z,2026-04-28T12:51:30Z,,"fit","astroseirk@gmail.com_425909563251.fit",,,
i143690047,2026-04-08T09:08:15,"Strength","WeightTraining",2520,,2520,,,0.0,true,184,142,,295,,,,,67.63918,32,,,,29.01374,18.681921,,,,,false,false,,,,,,,32,,54,182,153,162,171,181,186,191,200,1974,302,220,20,5,0,0,,,,,,,,,58.899,false,false,false,2518,0,0,,,,,,,,2026-04-08T07:08:15Z,2026-04-28T12:51:28Z,,"fit","astroseirk@gmail.com_425909526902.fit",,,
i143690042,2026-04-08T09:01:18,"Rojales Running","Run",333,1007.61,339,13.91906,4.003,2.976,true,175,166,90.76205,55,true,,,,,7,,1,3.0258558,29.01374,18.681921,,,,,false,false,,,,,,,7,,54,182,153,162,171,181,186,191,200,32,17,45,239,0,0,0,,,,,,,,,58.899,false,false,false,338,0,0,,,,,,,,2026-04-08T07:01:18Z,2026-04-28T12:51:27Z,,"fit","astroseirk@gmail.com_425909515842.fit",,,
i143690030,2026-04-06T10:00:13,"Rojales Running","Run",3240,9025.81,3315,74.04371,3.238,2.78,true,187,176,88.46623,549,true,,,,94.53339,81,,5,2.7857437,31.7002,19.420328,,,,,false,false,,,,,,,81,,54,182,153,162,171,181,186,191,200,91,169,422,1775,786,1,0,,,,,,,,,58.899,false,false,false,3263,300,300,10,185,,,,,,2026-04-06T08:00:13Z,2026-04-28T12:51:26Z,,"fit","astroseirk@gmail.com_424838545651.fit",,,
i143690012,2026-04-05T09:33:16,"Rojales Running","Run",3574,10040.56,3654,91.38553,4.05,2.794,true,197,177,88.26474,608,true,,,,96.01002,92,,5,2.809334,24.129477,17.936552,,,,,false,false,,,,,,,92,,54,182,153,162,171,181,186,191,200,72,106,423,1529,1145,223,74,,,,,,,,,58.899,false,false,false,3593,300,300,20,197,,,,,,2026-04-05T07:33:16Z,2026-04-28T12:51:23Z,,"fit","astroseirk@gmail.com_424506467963.fit",,,
i143690011,2026-03-28T12:30:02,"Running","Run",3011,8663.58,4128,19.0,6.606,2.099,true,200,177,86.935356,655,true,,,,85.08893,83,,7,2.8773098,37.259323,19.081306,,,,true,false,false,,,,,,,83,,54,182,153,162,171,181,186,191,200,165,74,129,682,1118,315,498,,,,,,,,,58.899,false,false,false,4127,300,300,49,191,,,,,,2026-03-28T11:30:02Z,2026-04-28T12:51:20Z,,"fit","astroseirk@gmail.com_421919070059.fit",,,
i143690006,2026-03-26T20:10:18,"Pilates","Pilates",3114,,3114,,,0.0,true,151,114,54.9,215,,,,,49.28799,21,,,,34.878216,17.963829,,,,,false,false,,,,,,,21,,54,182,153,162,171,181,186,191,200,3115,0,0,0,0,0,0,,,,,,,,,58.899,false,false,false,3112,0,0,,,,,,,,2026-03-26T19:10:18Z,2026-04-28T12:51:20Z,,"fit","astroseirk@gmail.com_421366043443.fit",,,
i143689997,2026-03-25T18:48:35,"Treadmill Running","VirtualRun",1937,5440.0,2018,,3.434,2.696,true,184,159,85.11616,305,true,,,,79.03734,35,,2,2.8084667,37.009426,17.890673,,,,true,false,false,,,,,,,35,,54,182,153,162,171,181,186,191,200,403,1124,47,214,117,0,0,,,,,,,,,58.899,false,false,false,2017,300,300,,,,,,,,2026-03-25T17:48:35Z,2026-04-28T12:51:20Z,,"fit","astroseirk@gmail.com_421024573693.fit",,,
i143689992,2026-03-24T17:22:31,"Strength","WeightTraining",3172,,3172,,,0.0,true,199,157,,423,,,,,81.842545,59,,,,37.318005,17.47842,,,,,false,false,,,,,,,59,,54,182,153,162,171,181,186,191,200,1114,207,633,775,342,14,88,,,,,,,,,58.899,false,false,false,3171,0,0,34,199,,,,,,2026-03-24T16:22:31Z,2026-04-28T12:51:19Z,,"fit","astroseirk@gmail.com_420681131879.fit",,,
i143689990,2026-03-23T20:24:57,"Treadmill Running","VirtualRun",2313,7980.0,3203,,6.149,2.705,true,198,175,85.92928,480,true,,,,81.93986,55,,1,3.450065,33.98841,17.899567,,,,true,false,false,,,,,,,55,,54,182,153,162,171,181,186,191,200,138,117,477,703,379,127,256,,,,,,,,,58.899,false,false,false,2949,300,300,39,182,,,,,,2026-03-23T19:24:57Z,2026-04-28T12:51:18Z,,"fit","astroseirk@gmail.com_420389412861.fit",,,
i143689977,2026-03-21T10:33:29,"Frederiksberg Running","Run",2677,8027.21,2995,40.879673,3.695,2.984,true,197,182,88.473274,473,true,,,,101.3058,77,,7,2.9985843,35.485695,17.415377,,,,,false,false,,,,,,,77,,54,182,153,162,171,181,186,191,200,56,46,230,670,192,1063,417,,,,,,,,,58.899,false,false,false,2701,300,300,19,194,,,,,,2026-03-21T09:33:29Z,2026-04-28T12:51:18Z,,"fit","astroseirk@gmail.com_419584722384.fit",,,
i143689958,2026-03-18T15:24:51,"Copenhagen Running","Run",3313,8545.59,3856,64.97733,4.609,2.459,true,200,168,82.24976,514,true,,,,88.791664,77,,4,2.5794113,38.737766,16.759016,,,,,false,false,,,,,,,77,,54,182,153,162,171,181,186,191,200,738,711,251,344,254,291,721,,,,,,,,,58.0,false,false,false,3516,300,300,57,195,,,,,,2026-03-18T14:24:51Z,2026-04-28T12:51:15Z,,"fit","astroseirk@gmail.com_418670722672.fit",,,
i143689938,2026-03-17T16:01:31,"Copenhagen Running","Run",2409,6889.09,2826,40.949085,4.581,2.817,true,194,174,88.52425,408,true,,,,91.60753,59,,3,2.85973,32.862026,15.307495,,,,,false,false,,,,,,,59,,54,182,153,162,171,181,186,191,200,206,145,257,982,675,100,46,,,,,,,,,58.0,false,false,false,2531,300,300,,,,,,,,2026-03-17T15:01:31Z,2026-04-28T12:51:13Z,,"fit","astroseirk@gmail.com_418343836300.fit",,,
i143689918,2026-03-15T08:10:01,"Copenhagen Running","Run",3782,9550.43,4890,85.44592,5.318,1.953,true,197,178,85.81712,780,true,,,,86.66451,102,,6,2.5252326,33.278217,14.598185,,,,,false,false,,,,,,,102,,54,182,153,162,171,181,186,191,200,210,98,74,495,1562,813,425,,,,,,,,,58.0,false,false,false,4889,300,300,58,187,,,,,,2026-03-15T07:10:01Z,2026-04-28T12:51:10Z,,"fit","astroseirk@gmail.com_417593038283.fit",,,
i143689911,2026-03-13T13:04:44,"Frederiksberg Walking","Walk",1968,2762.61,2637,10.0,3.602,1.048,true,131,106,60.497074,167,,,,,38.766563,11,,,1.4037653,26.214714,12.79322,,,,,false,false,,,,,,,11,,54,182,153,162,171,181,186,191,200,1963,0,0,0,0,0,0,,,,,,,,,58.0,false,false,false,2635,0,0,,,,,,,,2026-03-13T12:04:44Z,2026-04-28T12:51:07Z,,"fit","astroseirk@gmail.com_417000545527.fit",,,
i143689899,2026-03-12T11:38:29,"Copenhagen Running","Run",1270,2813.28,1282,17.331152,2.753,2.196,true,169,158,87.304,179,true,,,,78.62995,22,,1,2.215181,28.55116,12.836428,,,,,false,false,,,,,,,22,,54,182,153,162,171,181,186,191,200,215,598,457,0,0,0,0,,,,,,,,,58.0,false,false,false,1281,300,300,,,,,,,,2026-03-12T10:38:29Z,2026-04-28T12:51:06Z,,"fit","astroseirk@gmail.com_416656310889.fit",,,
i143689890,2026-03-11T17:16:42,"Copenhagen Running","Run",2410,6182.93,2757,40.193306,3.172,2.53,true,187,170,88.46404,391,true,,,,88.42958,54,,1,2.5655313,29.55719,12.615629,,,,,false,false,,,,,,,54,,54,182,153,162,171,181,186,191,200,183,107,898,913,306,3,0,,,,,,,,,58.0,false,false,false,2486,300,300,,,,,,,,2026-03-11T16:16:42Z,2026-04-28T12:51:05Z,,"fit","astroseirk@gmail.com_416412788115.fit",,,
i143689888,2026-03-10T17:49:19,"Frederiksberg Walking","Walk",3026,4307.9,3400,16.0,3.256,1.267,true,135,112,59.29718,230,,,,,43.682114,18,,,1.4236286,25.803629,11.6184635,,,,,false,false,,,,,,,18,,54,182,153,162,171,181,186,191,200,2983,0,0,0,0,0,0,,,,,,,,,58.0,false,false,false,3396,0,0,,,,,,,,2026-03-10T16:49:19Z,2026-04-28T12:51:03Z,,"fit","astroseirk@gmail.com_416095730435.fit",,,
i143689876,2026-03-08T09:18:57,"Frederiksberg Running","Run",2384,5232.82,2413,30.936003,2.911,2.193,true,175,158,87.368706,315,true,,,,78.226616,41,,1,2.1949747,31.148554,11.740943,,,,,false,false,,,,,,,41,,54,182,153,162,171,181,186,191,200,293,1478,565,49,0,0,0,,,,,,,,,58.0,false,false,false,2412,300,300,,,,,,,,2026-03-08T08:18:57Z,2026-04-28T12:51:02Z,,"fit","astroseirk@gmail.com_415304131809.fit",,,
i143689849,2026-03-06T15:17:44,"Frederiksberg Running","Run",2251,5829.39,3761,45.81983,5.067,2.085,true,196,168,86.14607,437,true,,,,79.47194,49,,9,2.589689,34.186726,11.301853,,,,,false,false,,,,,,,49,,54,182,153,162,171,181,186,191,200,401,214,680,586,54,113,197,,,,,,,,,58.0,false,false,false,2793,300,300,41,190,,,,,,2026-03-06T14:17:44Z,2026-04-28T12:51:00Z,,"fit","astroseirk@gmail.com_414747390011.fit",,,
i143689844,2026-03-05T12:10:50,"Copenhagen Walking","Walk",1526,1929.02,1572,5.0,40.131,1.227,true,125,115,56.642307,101,,,,,45.41344,9,,,1.2641022,31.911926,10.393508,,,,,false,false,,,,,,,9,,54,182,153,162,171,181,186,191,200,1509,0,0,0,0,0,0,,,,,,,,,58.0,false,false,false,1571,0,0,,,,,,,,2026-03-05T11:10:50Z,2026-04-28T12:50:54Z,,"fit","astroseirk@gmail.com_414376117412.fit",,,
i143689836,2026-03-04T16:14:46,"Strength","WeightTraining",3505,,3505,,,0.0,true,180,122,,283,,,,,57.3464,32,,,,35.430397,10.427085,,,,,false,false,,,,,,,32,,54,182,153,162,171,181,186,191,200,2879,346,258,23,0,0,0,,,,,,,,,58.0,false,false,false,3503,0,0,,,,,,,,2026-03-04T15:14:46Z,2026-04-28T12:50:54Z,,"fit","astroseirk@gmail.com_414115522590.fit",,,
i143689826,2026-03-03T15:55:03,"Frederiksberg Running","Run",3704,9014.71,4072,92.62787,3.434,2.427,true,194,168,85.01977,577,true,,,,87.76443,80,,2,2.433777,35.957188,10.678328,,,,,false,false,,,,,,,80,,54,182,153,162,171,181,186,191,200,350,391,1400,1385,118,19,45,,,,,,,,,58.0,false,false,false,3739,300,300,13,182,,,,,,2026-03-03T14:55:03Z,2026-04-28T12:50:53Z,,"fit","astroseirk@gmail.com_413786473724.fit",,,
i143689818,2026-03-02T16:36:17,"Copenhagen Running","Run",2319,6327.14,2518,39.73262,4.068,2.708,true,194,178,87.63777,402,true,,,,94.98518,61,,2,2.7283916,29.193752,9.008006,,,,,false,false,,,,,,,61,,54,182,153,162,171,181,186,191,200,54,29,152,1486,401,104,90,,,,,,,,,58.0,false,false,false,2434,300,300,12,192,,,,,,2026-03-02T15:36:17Z,2026-04-28T12:50:50Z,,"fit","astroseirk@gmail.com_413465725087.fit",,,
i143689809,2026-03-01T11:44:09,"Strength","WeightTraining",5231,,5236,,,0.0,true,186,139,,536,,,,,65.84596,63,,,,24.309425,7.7552466,,,,,false,false,,,,,,,63,,54,182,153,162,171,181,186,191,200,3941,624,340,275,53,0,0,,,,,,,,,58.0,false,false,false,5231,1200,600,34,182,,,,,,2026-03-01T10:44:09Z,2026-04-28T12:50:48Z,,"fit","astroseirk@gmail.com_413087433634.fit",,,
i143689793,2026-02-27T14:11:06,"Frederiksberg Running","Run",2908,6930.97,3012,34.700348,4.973,2.346,true,195,167,75.70335,452,true,,,,88.0771,64,,8,2.3834147,21.188574,8.133478,,,,,false,false,,,,,,,64,,54,182,153,162,171,181,186,191,200,729,423,315,728,110,180,426,,,,,,,,,58.0,false,false,false,2970,300,300,43,192,,,,,,2026-02-27T13:11:06Z,2026-04-28T12:50:47Z,,"fit","astroseirk@gmail.com_412478594435.fit",,,
i143689783,2026-02-26T16:27:07,"Frederiksberg Walking","Walk",3124,3810.68,3265,16.0,1.708,1.167,true,116,100,53.33002,191,,,,,36.61101,12,,,1.2198079,14.614238,6.7873616,,,,,false,false,,,,,,,12,,54,182,153,162,171,181,186,191,200,3098,0,0,0,0,0,0,,,,,,,,,58.0,false,false,false,3223,0,0,,,,,,,,2026-02-26T15:27:07Z,2026-04-28T12:50:44Z,,"fit","astroseirk@gmail.com_412185344168.fit",,,
i143689782,2026-02-23T16:24:27,"Strength","WeightTraining",2640,,2640,,,0.0,true,195,147,,325,,,,,75.736145,42,,,,19.981565,6.986663,,,,,false,false,,,,,,,42,,54,182,153,162,171,181,186,191,200,1549,242,311,135,185,197,22,,,,,,,,,58.0,false,false,false,2636,0,0,27,183,,,,,,2026-02-23T15:24:27Z,2026-04-28T12:50:43Z,,"fit","astroseirk@gmail.com_411221514508.fit",,,
i143689768,2026-02-22T13:51:47,"Frederiksberg Running","Run",1694,5018.76,1886,23.50246,4.068,2.949,true,193,181,86.89256,307,true,,,,97.60649,47,,7,2.9626682,16.600306,7.1550083,,,,,false,false,,,,,,,47,,54,182,153,162,171,181,186,191,200,38,85,74,192,788,471,50,,,,,,,,,58.0,false,false,false,1776,300,300,,,,,,,,2026-02-22T12:51:47Z,2026-04-28T12:50:43Z,,"fit","astroseirk@gmail.com_410870014642.fit",,,
i143689761,2026-02-20T18:28:45,"Cardio","Workout",2559,,2559,,,0.0,true,200,160,,352,,,,,85.54658,52,,,,13.764312,6.344202,,,,,false,false,,,,,,,52,,54,182,153,162,171,181,186,191,200,764,61,411,957,166,82,119,,,,,,,,,58.0,false,false,false,2558,0,0,35,198,,,,,,2026-02-20T17:28:45Z,2026-04-28T12:50:41Z,,"fit","astroseirk@gmail.com_410303212034.fit",,,
i143689757,2026-02-09T19:25:00,"Strength","WeightTraining",936,,936,,,0.0,true,142,118,,84,,,,,48.08985,6,,,,32.933926,8.243674,,,,,false,false,,,,,,,6,,54,182,153,162,171,181,186,191,200,937,0,0,0,0,0,0,,,,,,,,,58.0,false,false,false,934,0,0,,,,,,,,2026-02-09T18:25:00Z,2026-04-28T12:50:40Z,,"fit","astroseirk@gmail.com_406897399176.fit",,,
i143689753,2026-02-09T18:33:34,"Treadmill Running","VirtualRun",2198,7429.19,2881,,6.102,2.673,true,193,159,84.23452,429,true,,,,69.835556,38,,3,3.3799772,32.933926,8.243674,,,,true,false,false,,,,,,,38,,54,182,153,162,171,181,186,191,200,425,583,826,193,30,8,6,,,,,,,,,58.0,false,false,false,2805,300,300,21,185,,,,,,2026-02-09T17:33:34Z,2026-04-28T12:50:39Z,,"fit","astroseirk@gmail.com_406893236893.fit",,,
i143689750,2026-02-07T11:15:33,"Strength","WeightTraining",3022,,3022,,,0.0,true,200,171,,500,,,,,93.93675,74,,,,36.031097,7.7080464,,,,,false,false,,,,,,,74,,54,182,153,162,171,181,186,191,200,639,201,180,513,681,641,168,,,,,,,,,58.0,false,false,false,3019,0,0,27,198,,,,,,2026-02-07T10:15:33Z,2026-04-28T12:50:39Z,,"fit","astroseirk@gmail.com_406184950650.fit",,,
i143689745,2026-02-06T18:30:08,"Strength","WeightTraining",3254,,3254,,,0.0,true,193,154,,438,,,,,79.423065,57,,,,30.200403,7.8937736,,,,,false,false,,,,,,,57,,54,182,153,162,171,181,186,191,200,1351,442,613,323,318,188,20,,,,,,,,,58.0,false,false,false,3253,0,0,23,186,,,,,,2026-02-06T17:30:08Z,2026-04-28T12:50:38Z,,"fit","astroseirk@gmail.com_405977950637.fit",,,
i143689737,2026-02-05T19:46:43,"Strength","WeightTraining",3707,,3707,,,0.0,true,179,134,,350,,,,,61.5587,39,,,,26.084923,8.083976,,,,,false,false,,,,,,,39,,54,182,153,162,171,181,186,191,200,2927,487,230,64,0,0,0,,,,,,,,,58.0,false,false,false,3705,1200,600,,,,,,,,2026-02-05T18:46:43Z,2026-04-28T12:50:37Z,,"fit","astroseirk@gmail.com_405696061024.fit",,,
i143689731,2026-02-04T18:15:55,"Strength","WeightTraining",4825,,4825,,,0.0,true,188,130,,431,,,,,61.08472,50,,,,24.10162,8.278761,,,,,false,false,,,,,,,50,,54,182,153,162,171,181,186,191,200,3939,283,265,292,42,5,0,,,,,,,,,58.0,false,false,false,4824,1200,600,14,184,,,,,,2026-02-04T17:15:55Z,2026-04-28T12:50:36Z,,"fit","astroseirk@gmail.com_405384891775.fit",,,
i143689722,2026-02-03T15:34:12,"Strength","WeightTraining",4037,,4037,,,0.0,true,187,138,,408,,,,,69.40209,54,,,,20.124535,8.47824,,,,,false,false,,,,,,,54,,54,182,153,162,171,181,186,191,200,2577,274,321,714,150,2,0,,,,,,,,,58.0,false,false,false,4036,1200,600,31,183,,,,,,2026-02-03T14:34:12Z,2026-04-28T12:50:35Z,,"fit","astroseirk@gmail.com_405052691934.fit",,,
i143689712,2026-02-02T17:02:57,"Frederiksberg Running","Run",1976,5633.42,2159,18.452274,3.714,2.821,true,194,169,88.98257,344,true,,,,87.93575,45,,2,2.850921,14.922449,8.682526,,,,,false,false,,,,,,,45,,54,182,153,162,171,181,186,191,200,483,156,159,483,480,175,41,,,,,,,,,58.0,false,false,false,2095,300,300,14,192,,,,,,2026-02-02T16:02:57Z,2026-04-28T12:50:34Z,,"fit","astroseirk@gmail.com_404757247505.fit",,,
i143689698,2026-01-27T14:12:13,"Frederiksberg Running","Run",2551,6267.41,2783,24.853405,4.796,2.322,true,194,162,77.81944,406,true,,,,81.23773,51,,6,2.4568443,21.047422,8.794493,,,,,false,false,,,,,,,51,,54,182,153,162,171,181,186,191,200,742,556,399,290,249,138,180,,,,,,,,,58.0,false,false,false,2782,300,300,51,194,,,,,,2026-01-27T13:12:13Z,2026-04-28T12:50:32Z,,"fit","astroseirk@gmail.com_402989830662.fit",,,
i143689697,2026-01-24T12:53:31,"Cardio","Workout",4004,,4004,,,0.0,true,194,141,,400,,,,,70.96635,56,,,,21.887226,8.156859,,,,,false,false,,,,,,,56,,54,182,153,162,171,181,186,191,200,2389,377,322,757,144,11,5,,,,,,,,,58.0,false,false,false,4003,1200,600,19,188,,,,,,2026-01-24T11:53:31Z,2026-04-28T12:50:30Z,,"fit","astroseirk@gmail.com_402081441631.fit",,,
i143689689,2026-01-22T18:46:46,"Treadmill Running","VirtualRun",1583,5029.58,2694,,3.742,2.764,true,195,159,81.80619,268,true,,,,83.136536,35,,1,3.1772459,19.205357,8.554678,,,,true,false,false,,,,,,,35,,54,182,153,162,171,181,186,191,200,263,356,67,314,79,312,154,,,,,,,,,58.0,false,false,false,1823,300,300,11,187,,,,,,2026-01-22T17:46:46Z,2026-04-28T12:50:30Z,,"fit","astroseirk@gmail.com_401556817867.fit",,,
i143689686,2026-01-19T19:57:02,"Pilates","Pilates",3446,,3446,,,0.0,true,170,127,55.25926,321,,,,,60.485836,35,,,,22.329153,8.303615,,,,,false,false,,,,,,,35,,54,182,153,162,171,181,186,191,200,2559,548,339,0,0,0,0,,,,,,,,,58.0,false,false,false,3444,0,0,,,,,,,,2026-01-19T18:57:02Z,2026-04-28T12:50:29Z,,"fit","astroseirk@gmail.com_400664396211.fit",,,
i143689680,2026-01-16T17:21:41,"Strength","WeightTraining",3485,,3770,,,0.0,true,177,126,,314,,,,,57.51907,32,,,,27.124378,8.033962,,,,,false,false,,,,,,,32,,54,182,153,162,171,181,186,191,200,3046,255,146,39,0,0,0,,,,,,,,,58.0,false,false,false,3482,1200,600,,,,,,,,2026-01-16T16:21:41Z,2026-04-28T12:50:29Z,,"fit","astroseirk@gmail.com_399726627393.fit",,,
i143689678,2026-01-14T17:48:04,"Treadmill Running","VirtualRun",2315,7250.0,3303,,4.619,2.616,true,196,178,80.8303,461,true,,,,87.582184,59,,3,3.1317494,30.42603,8.425788,,,,true,false,false,,,,,,,59,,54,182,153,162,171,181,186,191,200,198,107,192,276,600,587,230,,,,,,,,,58.0,false,false,false,2769,300,300,26,183,,,,,,2026-01-14T16:48:04Z,2026-04-28T12:50:29Z,,"fit","astroseirk@gmail.com_399147039285.fit",,,
i143689673,2026-01-13T08:13:21,"Cardio","Workout",3229,,3229,,,0.0,true,200,166,,471,,,,,89.60882,72,,,,26.038067,7.20719,,,,,false,false,,,,,,,72,,54,182,153,162,171,181,186,191,200,809,166,297,1032,518,249,159,,,,,,,,,58.0,false,false,false,3228,0,0,52,195,,,,,,2026-01-13T07:13:21Z,2026-04-28T12:50:28Z,,"fit","astroseirk@gmail.com_398702310383.fit",,,
i143689668,2026-01-12T19:15:25,"Strength","WeightTraining",3233,,3233,,,0.0,true,199,148,,385,,,,,76.14106,52,,,,18.979923,7.380849,,,,,false,false,,,,,,,52,,54,182,153,162,171,181,186,191,200,1789,325,431,208,278,177,26,,,,,,,,,58.0,false,false,false,3229,0,0,27,186,,,,,,2026-01-12T18:15:25Z,2026-04-28T12:50:28Z,,"fit","astroseirk@gmail.com_398531517778.fit",,,
i143689665,2026-01-11T14:39:35,"Treadmill Running","VirtualRun",2428,7500.0,2701,,3.536,3.04,true,197,186,84.40329,450,true,,,,103.253365,73,,7,3.088962,13.909196,7.558692,,,,true,false,false,,,,,,,73,,54,182,153,162,171,181,186,191,200,46,29,47,465,512,502,802,,,,,,,,,58.0,false,false,false,2465,300,300,10,197,,,,,,2026-01-11T13:39:35Z,2026-04-28T12:50:27Z,,"fit","astroseirk@gmail.com_398180210098.fit",,,
i143689656,2026-01-04T14:00:16,"Treadmill Running","VirtualRun",2086,6235.65,2195,,3.144,2.971,true,184,170,85.61284,344,true,,,,89.825775,47,,3,2.9892857,11.393087,6.9004736,,,,true,false,false,,,,,,,47,,54,182,153,162,171,181,186,191,200,152,255,381,1205,86,0,0,,,,,,,,,58.0,false,false,false,2097,300,300,,,,,,,,2026-01-04T13:00:16Z,2026-04-28T12:50:26Z,,"fit","astroseirk@gmail.com_396068437273.fit",,,
i143689652,2025-12-24T11:19:36,"Strength","WeightTraining",3579,,3579,,,0.0,true,189,148,,401,,,,,73.52979,53,,,,24.723915,7.5295753,,,,,false,false,,,,,,,53,,54,182,153,162,171,181,186,191,200,1853,692,568,369,37,12,0,,,,,,,,,58.0,false,false,false,3529,0,0,,,,,,,,2025-12-24T10:19:36Z,2026-04-28T12:50:25Z,,"fit","astroseirk@gmail.com_393038209644.fit",,,
i143689641,2025-12-23T13:01:20,"Strength","WeightTraining",2929,,2951,,,0.0,true,190,155,,395,,,,,80.422615,53,,,,20.381699,7.7110023,,,,,false,false,,,,,,,53,,54,182,153,162,171,181,186,191,200,936,341,906,672,41,34,0,,,,,,,,,58.0,false,false,false,2950,0,0,15,188,,,,,,2025-12-23T12:01:20Z,2026-04-28T12:50:25Z,,"fit","astroseirk@gmail.com_392795650261.fit",,,
i143689636,2025-12-22T17:17:53,"Cardio","Workout",3752,,3752,,,0.0,true,191,121,,308,,,,,58.77992,36,,,,15.372669,7.896801,,,,,false,false,,,,,,,36,,54,182,153,162,171,181,186,191,200,2934,324,230,157,51,57,0,,,,,,,,,58.0,false,false,false,3751,1200,600,36,187,,,,,,2025-12-22T16:17:53Z,2026-04-28T12:50:23Z,,"fit","astroseirk@gmail.com_392582824408.fit",,,
i143689632,2025-12-18T17:44:48,"Cardio","Workout",4531,,4531,,,0.0,true,187,135,,416,,,,,70.75749,63,,,,18.735495,8.685855,,,,,false,false,,,,,,,63,,54,182,153,162,171,181,186,191,200,2654,205,229,1100,341,3,0,,,,,,,,,58.0,false,false,false,4530,1200,600,22,182,,,,,,2025-12-18T16:44:48Z,2026-04-28T12:50:22Z,,"fit","astroseirk@gmail.com_391544261814.fit",,,
i143689626,2025-12-17T13:04:25,"Cardio","Workout",3532,,3532,,,0.0,true,188,141,,381,,,,,67.7727,45,,,,11.938017,8.895143,,,,,false,false,,,,,,,45,,54,182,153,162,171,181,186,191,200,2410,499,351,254,14,5,0,,,,,,,,,58.0,false,false,false,3527,0,0,67,188,,,,,,2025-12-17T12:04:25Z,2026-04-28T12:50:22Z,,"fit","astroseirk@gmail.com_391230278706.fit",,,
i143689619,2025-12-05T13:16:38,"Strength","WeightTraining",3790,,3790,,,0.0,true,193,150,,465,,,,,78.041046,64,,,,33.02486,11.836874,,,,,false,false,,,,,,,64,,54,182,153,162,171,181,186,191,200,1976,449,204,246,570,330,16,,,,,,,,,58.0,false,false,false,3783,1200,600,57,188,,,,,,2025-12-05T12:16:38Z,2026-04-28T12:50:21Z,,"fit","astroseirk@gmail.com_388059827323.fit",,,
i143689617,2025-12-04T14:12:05,"Strength","WeightTraining",4897,,4897,,,0.0,true,149,103,,273,,,,,40.219982,22,,,,28.268162,12.122087,,,,,false,false,,,,,,,22,,54,182,153,162,171,181,186,191,200,4898,0,0,0,0,0,0,,,,,,,,,58.0,false,false,false,4896,1200,600,,,,,,,,2025-12-04T13:12:05Z,2026-04-28T12:50:20Z,,"fit","astroseirk@gmail.com_387811624226.fit",,,
i143689614,2025-12-04T13:05:40,"Cardio","Workout",3646,,3646,,,0.0,true,184,151,,460,,,,,78.273994,62,,,,28.268162,12.122087,,,,,false,false,,,,,,,62,,54,182,153,162,171,181,186,191,200,1495,338,669,979,166,0,0,,,,,,,,,58.0,false,false,false,3643,1200,600,10,182,,,,,,2025-12-04T12:05:40Z,2026-04-28T12:50:20Z,,"fit","astroseirk@gmail.com_387811596292.fit",,,
i143689594,2025-11-30T08:54:28,"Frederiksberg - Base","Run",3510,9189.11,3794,75.292465,3.574,2.609,true,185,166,88.51732,563,true,,,,86.55382,74,,4,2.6179802,30.255632,13.333335,,,,,false,false,,,,,,,74,,54,182,153,162,171,181,186,191,200,230,435,1639,1077,128,0,0,,,,,,,,,58.0,false,false,false,3556,300,300,,,,,,,,2025-11-30T07:54:28Z,2026-04-28T12:50:19Z,,"fit","astroseirk@gmail.com_386670860007.fit",,,
i143689592,2025-11-28T12:02:03,"Strength","WeightTraining",6963,,8547,,,0.0,true,180,123,,584,,,,,58.41928,66,,,,27.152645,12.157605,,,,,false,false,,,,,,,66,,54,182,153,162,171,181,186,191,200,5450,584,696,235,0,0,0,,,,,,,,,58.0,false,false,false,6962,1200,600,,,,,,,,2025-11-28T11:02:03Z,2026-04-28T12:50:16Z,,"fit","astroseirk@gmail.com_386196530225.fit",,,
i143689587,2025-11-23T15:17:57,"Cardio","Workout",3204,,3208,,,0.0,true,190,140,,380,,,,,71.073555,45,,,,37.517925,13.694613,,,,,false,false,,,,,,,45,,54,182,153,162,171,181,186,191,200,1711,348,607,523,15,2,0,,,,,,,,,58.0,false,false,false,3207,0,0,20,190,,,,,,2025-11-23T14:17:57Z,2026-04-28T12:50:16Z,,"fit","astroseirk@gmail.com_384888735010.fit",,,
i143689583,2025-11-21T17:05:41,"Cardio","Workout",3874,,3874,,,0.0,true,194,146,,476,,,,,77.15885,64,,,,41.953938,14.3625145,,,,,false,false,,,,,,,64,,54,182,153,162,171,181,186,191,200,1804,202,408,899,460,94,8,,,,,,,,,58.0,false,false,false,3870,1200,600,27,185,,,,,,2025-11-21T16:05:41Z,2026-04-28T12:50:15Z,,"fit","astroseirk@gmail.com_384382061810.fit",,,
i143689577,2025-11-19T13:38:34,"Strength","WeightTraining",17978,,17978,,,0.0,true,184,102,,1045,,,,,44.525646,99,,,,44.491196,15.062989,,,,,false,false,,,,,,,99,,54,182,153,162,171,181,186,191,200,16338,687,588,357,9,0,0,,,,,,,,,58.0,false,false,false,17977,1200,600,48,182,,,,,,2025-11-19T12:38:34Z,2026-04-28T12:50:14Z,,"fit","astroseirk@gmail.com_383861305414.fit",,,
i143689572,2025-11-18T18:50:19,"Strength","WeightTraining",4072,,4072,,,0.0,true,155,105,,248,,,,,43.093357,21,,,,36.120552,15.425936,,,,,false,false,,,,,,,21,,54,182,153,162,171,181,186,191,200,4058,15,0,0,0,0,0,,,,,,,,,58.0,false,false,false,4071,1200,600,,,,,,,,2025-11-18T17:50:19Z,2026-04-28T12:50:14Z,,"fit","astroseirk@gmail.com_383608977692.fit",,,
i143689563,2025-11-18T11:14:25,"Frederiksberg Running","Run",1225,3011.04,1491,11.239828,4.217,2.416,true,184,164,75.91414,193,true,,,,84.98891,25,,1,2.4579918,36.120552,15.425936,,,,,false,false,,,,,,,25,,54,182,153,162,171,181,186,191,200,228,239,210,470,78,0,0,,,,,,,,,58.0,false,false,false,1246,300,300,36,183,,,,,,2025-11-18T10:14:25Z,2026-04-28T12:50:13Z,,"fit","astroseirk@gmail.com_383517318893.fit",,,
i143689559,2025-11-17T19:19:13,"Strength","WeightTraining",5330,,5330,,,0.0,true,192,134,,446,,,,,66.27757,65,,,,34.603413,15.195247,,,,,false,false,,,,,,,65,,54,182,153,162,171,181,186,191,200,3820,317,236,503,385,63,7,,,,,,,,,58.0,false,false,false,5327,1200,600,41,187,,,,,,2025-11-17T18:19:13Z,2026-04-28T12:50:12Z,,"fit","astroseirk@gmail.com_383349059358.fit",,,
i143689537,2025-11-16T08:32:46,"Copenhagen Running","Run",4035,10031.99,4223,76.99202,5.179,2.375,true,184,162,88.34299,644,true,,,,81.02844,77,,4,2.486243,29.93556,15.561379,,,,,false,false,,,,,,,77,,54,182,153,162,171,181,186,191,200,736,1208,1240,816,34,0,0,,,,,,,,,58.0,false,false,false,4222,300,300,11,183,,,,,,2025-11-16T07:32:46Z,2026-04-28T12:50:12Z,,"fit","astroseirk@gmail.com_382956729419.fit",,,
i143689521,2025-11-15T12:47:06,"Frederiksberg - Base","Run",2622,7487.57,2833,59.653797,3.835,2.826,true,192,179,84.79885,453,true,,,,97.132225,70,,5,2.8556712,22.70811,14.081001,,,,,false,false,,,,,,,70,,54,182,153,162,171,181,186,191,200,103,59,108,931,1235,174,13,,,,,,,,,58.0,false,false,false,2671,300,300,,,,,,,,2025-11-15T11:47:06Z,2026-04-28T12:50:09Z,,"fit","astroseirk@gmail.com_382739832762.fit",,,
i143689515,2025-11-12T17:25:21,"Strength","WeightTraining",4788,,4788,,,0.0,true,189,122,,360,,,,,56.87208,43,,,,20.553823,13.354652,,,,,false,false,,,,,,,43,,54,182,153,162,171,181,186,191,200,4143,132,123,187,188,16,0,,,,,,,,,58.0,false,false,false,4786,1200,600,35,183,,,,,,2025-11-12T16:25:21Z,2026-04-28T12:50:06Z,,"fit","astroseirk@gmail.com_381993324135.fit",,,
i143689511,2025-11-05T14:38:20,"Strength","WeightTraining",1920,,1920,,,0.0,true,155,122,,162,,,,,53.046825,15,,,,40.31096,15.776657,,,,,false,false,,,,,,,15,,54,182,153,162,171,181,186,191,200,1907,14,0,0,0,0,0,,,,,,,,,58.0,false,false,false,1919,0,0,,,,,,,,2025-11-05T13:38:20Z,2026-04-28T12:50:06Z,,"fit","astroseirk@gmail.com_380040345802.fit",,,
i143689502,2025-11-05T13:40:59,"Strength","WeightTraining",3423,,3423,,,0.0,true,198,140,,368,,,,,72.54762,50,,,,40.31096,15.776657,,,,,false,false,,,,,,,50,,54,182,153,162,171,181,186,191,200,2269,195,77,285,320,263,15,,,,,,,,,58.0,false,false,false,3420,0,0,44,186,,,,,,2025-11-05T12:40:59Z,2026-04-28T12:50:05Z,,"fit","astroseirk@gmail.com_380032674615.fit",,,
i143689499,2025-11-04T17:17:57,"Strength","WeightTraining",6396,,6396,,,0.0,true,189,131,,532,,,,,64.542656,74,,,,36.51959,16.1568,,,,,false,false,,,,,,,74,,54,182,153,162,171,181,186,191,200,4576,312,684,634,172,19,0,,,,,,,,,58.0,false,false,false,6395,1200,600,22,182,,,,,,2025-11-04T16:17:57Z,2026-04-28T12:50:04Z,,"fit","astroseirk@gmail.com_379804553247.fit",,,
i143689472,2025-11-01T11:40:24,"Copenhagen Running","Run",2802,7244.37,2895,46.287754,3.154,2.528,true,194,177,87.878555,477,true,,,,94.63859,72,,1,2.5854282,40.937912,17.353071,,,,,false,false,,,,,,,72,,54,182,153,162,171,181,186,191,200,75,63,292,1684,542,119,22,,,,,,,,,58.0,false,false,false,2894,300,300,,,,,,,,2025-11-01T10:40:24Z,2026-04-28T12:50:04Z,,"fit","astroseirk@gmail.com_378890167871.fit",,,
i143689464,2025-10-31T15:03:31,"Cardio","Workout",3748,,3748,,,0.0,true,200,154,,506,,,,,82.59211,71,,,,36.167862,16.03634,,,,,false,false,,,,,,,71,,54,182,153,162,171,181,186,191,200,1543,351,239,775,562,166,113,,,,,,,,,58.0,false,false,false,3747,1200,600,35,191,,,,,,2025-10-31T14:03:31Z,2026-04-28T12:50:01Z,,"fit","astroseirk@gmail.com_378658923544.fit",,,
i143689456,2025-10-29T18:27:39,"Cardio","Workout",6626,,6626,,,0.0,true,200,136,,613,,,,,72.22606,96,,,,35.551563,16.81845,,,,,false,false,,,,,,,96,,54,182,153,162,171,181,186,191,200,3635,349,666,1070,769,128,10,,,,,,,,,58.0,false,false,false,6625,1200,600,30,186,,,,,,2025-10-29T17:27:39Z,2026-04-28T12:50:01Z,,"fit","astroseirk@gmail.com_378173441882.fit",,,
i143689454,2025-10-28T16:56:55,"Cardio","Workout",4397,,4397,,,0.0,true,186,144,,524,,,,,74.081406,67,,,,26.2688,17.223696,,,,,false,false,,,,,,,67,,54,182,153,162,171,181,186,191,200,2058,774,733,764,69,0,0,,,,,,,,,58.0,false,false,false,4395,1200,600,43,183,,,,,,2025-10-28T15:56:55Z,2026-04-28T12:49:59Z,,"fit","astroseirk@gmail.com_377883147940.fit",,,
i143689437,2025-10-26T12:55:26,"Frederiksberg Running","Run",2776,5440.54,3089,60.633766,4.339,1.948,true,177,136,69.32904,307,true,,,,64.998085,33,,1,1.9598488,23.08735,18.063713,,,,,false,false,,,,,,,33,,54,182,153,162,171,181,186,191,200,1824,245,618,90,0,0,0,,,,,,,,,58.0,false,false,false,2812,300,300,,,,,,,,2025-10-26T11:55:26Z,2026-04-28T12:49:59Z,,"fit","astroseirk@gmail.com_377297603606.fit",,,
i143689432,2025-10-23T17:41:52,"Cardio","Workout",3313,,3313,,,0.0,true,180,108,,207,,,,,50.0,23,,,,28.696962,18.567253,,,,,false,false,,,,,,,23,,54,182,153,162,171,181,186,191,200,2943,53,66,252,0,0,0,,,,,,,,,58.0,false,false,false,3312,0,0,,,,,,,,2025-10-23T15:41:52Z,2026-04-28T12:49:56Z,,"fit","astroseirk@gmail.com_376535235448.fit",,,
i143689416,2025-10-22T16:53:26,"Copenhagen Running","Run",2244,5268.09,2497,32.083687,4.078,2.223,true,172,153,86.52944,334,true,,,,72.671684,36,,1,2.3476336,29.571815,19.014635,,,,,false,false,,,,,,,36,,54,182,153,162,171,181,186,191,200,932,904,410,0,0,0,0,,,,,,,,,58.0,false,false,false,2454,300,300,,,,,,,,2025-10-22T14:53:26Z,2026-04-28T12:49:56Z,,"fit","astroseirk@gmail.com_376260775511.fit",,,
i143689410,2025-10-21T17:11:12,"Strength","WeightTraining",4221,,4221,,,0.0,true,168,115,,286,,,,,48.87936,28,,,,28.584671,18.60537,,,,,false,false,,,,,,,28,,54,182,153,162,171,181,186,191,200,4025,165,32,0,0,0,0,,,,,,,,,58.0,false,false,false,4219,1200,600,,,,,,,,2025-10-21T15:11:12Z,2026-04-28T12:49:53Z,,"fit","astroseirk@gmail.com_376000119935.fit",,,
i143689405,2025-10-20T17:20:55,"Strength","WeightTraining",5354,,5354,,,0.0,true,172,111,,324,,,,,46.399014,32,,,,28.674456,19.05367,,,,,false,false,,,,,,,32,,54,182,153,162,171,181,186,191,200,5108,188,55,4,0,0,0,,,,,,,,,58.0,false,false,false,5351,1200,600,,,,,,,,2025-10-20T15:20:55Z,2026-04-28T12:49:53Z,,"fit","astroseirk@gmail.com_375735706749.fit",,,
i143689398,2025-10-19T11:06:02,"Frederiksberg Running","Run",2307,5159.46,2397,31.241259,3.256,2.2,true,174,158,86.69668,318,true,,,,78.19623,40,,1,2.2364368,28.163769,19.512774,,,,,false,false,,,,,,,40,,54,182,153,162,171,181,186,191,200,405,1325,556,23,0,0,0,,,,,,,,,58.0,false,false,false,2355,300,300,,,,,,,,2025-10-19T09:06:02Z,2026-04-28T12:49:52Z,,"fit","astroseirk@gmail.com_375402263865.fit",,,
i143689383,2025-10-17T16:51:36,"Frederiksberg Running","Run",3765,9623.97,3980,85.14159,3.76,2.545,true,200,170,85.90981,596,true,,,,89.24226,84,,3,2.5561674,30.391983,19.4774,,,,,false,false,,,,,,,84,,54,182,153,162,171,181,186,191,200,196,561,1441,1115,169,130,152,,,,,,,,,58.0,false,false,false,3797,300,300,18,183,,,,,,2025-10-17T14:51:36Z,2026-04-28T12:49:50Z,,"fit","astroseirk@gmail.com_374920574830.fit",,,
i143689378,2025-10-16T16:44:11,"Strength","WeightTraining",3765,,3765,,,0.0,true,142,88,,147,,,,,30.926191,10,,,,22.159668,17.922712,,,,,false,false,,,,,,,10,,54,182,153,162,171,181,186,191,200,3766,0,0,0,0,0,0,,,,,,,,,58.0,false,false,false,3764,1200,600,,,,,,,,2025-10-16T14:44:11Z,2026-04-28T12:49:48Z,,"fit","astroseirk@gmail.com_374655718376.fit",,,
i143689359,2025-10-14T16:33:02,"Copenhagen Running","Run",3189,7932.89,3417,54.873062,5.225,2.421,true,191,162,81.90578,475,true,,,,81.99324,62,,7,2.487579,27.71667,18.796822,,,,,false,false,,,,,,,62,,54,182,153,162,171,181,186,191,200,948,637,392,863,296,54,0,,,,,,,,,58.0,false,false,false,3320,300,300,42,182,,,,,,2025-10-14T14:33:02Z,2026-04-28T12:49:47Z,,"fit","astroseirk@gmail.com_374103278047.fit",,,
i143689356,2025-10-13T17:07:52,"Strength","WeightTraining",3575,,3575,,,0.0,true,179,140,,362,,,,,67.33502,45,,,,22.45195,17.75583,,,,,false,false,,,,,,,45,,54,182,153,162,171,181,186,191,200,2622,385,387,182,0,0,0,,,,,,,,,58.0,false,false,false,3573,0,0,,,,,,,,2025-10-13T15:07:52Z,2026-04-28T12:49:45Z,,"fit","astroseirk@gmail.com_373835779723.fit",,,
i143689339,2025-10-11T12:00:37,"Frederiksberg - W5 Sat Long Run - 13km Progressi","Run",3878,11538.85,5393,49.518505,4.161,2.954,true,200,171,85.021545,656,true,,,,91.11263,93,,8,2.975464,21.90546,18.621801,,,,,false,false,,,,,,,93,,54,182,153,162,171,181,186,191,200,452,300,805,1250,420,460,196,,,,,,,,,58.0,false,false,false,4033,300,300,145,200,,,,,,2025-10-11T10:00:37Z,2026-04-28T12:49:44Z,,"fit","astroseirk@gmail.com_373233378384.fit",,,
i143689310,2025-10-08T16:47:41,"Copenhagen Running","Run",3209,8221.71,3499,57.777016,4.805,2.497,true,187,166,86.77204,505,true,,,,85.61157,68,,7,2.5620785,14.621635,17.65044,,,,,false,false,,,,,,,68,,54,182,153,162,171,181,186,191,200,323,687,919,1083,196,3,0,,,,,,,,,58.0,false,false,false,3340,300,300,18,185,,,,,,2025-10-08T14:47:41Z,2026-04-28T12:49:41Z,,"fit","astroseirk@gmail.com_372475451539.fit",,,
i143689301,2025-09-30T16:14:48,"Strength","WeightTraining",3987,,3987,,,0.0,true,178,137,,418,,,,,65.168915,47,,,,17.46384,19.418325,,,,,false,false,,,,,,,47,,54,182,153,162,171,181,186,191,200,3154,584,164,86,0,0,0,,,,,,,,,58.0,false,false,false,3984,1200,600,,,,,,,,2025-09-30T14:14:48Z,2026-04-28T12:49:38Z,,"fit","astroseirk@gmail.com_370298879577.fit",,,
i143689283,2025-09-29T17:19:48,"Copenhagen - W4 Mon Easy Run - 7km Easy Run (","Run",2430,7020.79,2574,34.978104,4.031,2.869,true,193,182,87.317375,433,true,,,,99.41289,68,,5,2.889214,12.928121,19.886215,,,,,false,false,,,,,,,68,,54,182,153,162,171,181,186,191,200,73,112,121,633,325,977,187,,,,,,,,,58.0,false,false,false,2477,300,300,12,188,,,,,,2025-09-29T15:19:48Z,2026-04-28T12:49:37Z,,"fit","astroseirk@gmail.com_370032961214.fit",,,
i143689275,2025-09-16T18:24:49,"Strength","WeightTraining",1855,,1855,,,0.0,true,147,113,,142,,,,,48.284103,12,,,,24.826199,24.920116,,,,,false,false,,,,,,,12,,54,182,153,162,171,181,186,191,200,1856,0,0,0,0,0,0,,,,,,,,,58.0,false,false,false,1853,0,0,,,,,,,,2025-09-16T16:24:49Z,2026-04-28T12:49:36Z,,"fit","astroseirk@gmail.com_366488767358.fit",,,
i143689261,2025-09-15T16:40:40,"Frederiksberg - W1 Sat Long Run - 10km Progressi","Run",1865,5397.74,2289,21.256882,3.443,2.862,true,191,169,88.08696,315,true,,,,86.470825,41,,1,2.8942306,26.795853,25.520573,,,,,false,false,,,,,,,41,,54,182,153,162,171,181,186,191,200,249,122,668,512,151,166,0,,,,,,,,,58.0,false,false,false,1974,300,300,,,,,,,,2025-09-15T14:40:40Z,2026-04-28T12:49:35Z,,"fit","astroseirk@gmail.com_366195427853.fit",,,
i143689256,2025-09-13T12:49:15,"Strength","WeightTraining",3834,,3834,,,0.0,true,152,111,,258,,,,,45.456207,22,,,,28.394533,25.75353,,,,,false,false,,,,,,,22,,54,182,153,162,171,181,186,191,200,3835,0,0,0,0,0,0,,,,,,,,,58.0,false,false,false,3833,1200,600,,,,,,,,2025-09-13T10:49:15Z,2026-04-28T12:49:33Z,,"fit","astroseirk@gmail.com_365603032834.fit",,,
i143689253,2025-09-12T17:20:19,"Strength","WeightTraining",5946,,5946,,,0.0,true,163,119,,452,,,,,51.618057,44,,,,29.376509,26.374067,,,,,false,false,,,,,,,44,,54,182,153,162,171,181,186,191,200,5729,217,1,0,0,0,0,,,,,,,,,58.0,false,false,false,5945,1200,600,,,,,,,,2025-09-12T15:20:19Z,2026-04-28T12:49:33Z,,"fit","astroseirk@gmail.com_365389229664.fit",,,
i143689234,2025-09-11T17:56:06,"Copenhagen - W1 Thu Easy Run - 7km Easy Run (","Run",2028,6012.87,2444,38.73301,3.518,2.802,true,194,175,86.333,376,true,,,,91.35346,51,,1,2.964926,27.130852,27.009556,,,,,false,false,,,,,,,51,,54,182,153,162,171,181,186,191,200,166,72,484,573,151,359,225,,,,,,,,,58.0,false,false,false,2200,300,300,,,,,,,,2025-09-11T15:56:06Z,2026-04-28T12:49:32Z,,"fit","astroseirk@gmail.com_365107582359.fit",,,
i143689199,2025-09-07T08:06:08,"Budapest - W13 Sun Race - Wizz Air Budapest","Run",7571,21313.31,7772,211.64154,3.452,2.742,true,193,178,85.51704,1337,true,,,,95.288574,196,,1,2.815125,36.020847,28.388529,,,,,false,false,,,,,,,196,,54,182,153,162,171,181,186,191,200,89,148,278,5519,1273,228,32,,,,,,,,,58.0,false,false,false,7771,300,300,,,,,,,,2025-09-07T06:06:08Z,2026-04-28T12:49:30Z,,"fit","astroseirk@gmail.com_363906148277.fit",,,
i143689186,2025-09-06T09:45:40,"Budapest Running","Run",1266,3361.61,1358,32.9983,4.311,2.593,true,172,157,88.19141,204,true,,,,76.39636,22,,1,2.6553001,11.4536495,24.349892,,,,,false,false,,,,,,,22,,54,182,153,162,171,181,186,191,200,348,385,526,8,0,0,0,,,,,,,,,58.0,false,false,false,1357,300,300,,,,,,,,2025-09-06T07:45:40Z,2026-04-28T12:49:25Z,,"fit","astroseirk@gmail.com_363629629247.fit",,,
i143689174,2025-09-01T18:36:25,"Frederiksberg Running","Run",2349,6454.39,2479,36.702633,3.928,2.728,true,183,168,86.365456,394,true,,,,86.655655,51,,1,2.7477183,17.414173,26.84523,,,,,false,false,,,,,,,51,,54,182,153,162,171,181,186,191,200,196,356,693,1093,11,0,0,,,,,,,,,58.0,false,false,false,2445,300,300,,,,,,,,2025-09-01T16:36:25Z,2026-04-28T12:49:24Z,,"fit","astroseirk@gmail.com_362365951017.fit",,,
i143689161,2025-08-28T18:43:50,"Copenhagen Running","Run",1573,5094.3,1576,29.384018,3.686,3.233,true,194,185,87.38833,296,true,,,,104.74459,48,,8,3.2385886,18.8146,28.20778,,,,,false,false,,,,,,,48,,54,182,153,162,171,181,186,191,200,50,23,25,285,164,587,442,,,,,,,,,58.0,false,false,false,1575,300,300,,,,,,,,2025-08-28T16:43:50Z,2026-04-28T12:49:21Z,,"fit","astroseirk@gmail.com_361284262095.fit",,,
i143689154,2025-08-22T11:08:33,"Cannes Running","Run",1630,4554.33,1916,39.744755,3.788,2.783,true,183,162,87.54758,269,true,,,,80.95148,31,,1,2.7940676,29.277884,31.23672,,,,,false,false,,,,,,,31,,54,182,153,162,171,181,186,191,200,304,383,496,417,31,0,0,,,,,,,,,58.0,false,false,false,1703,300,300,,,,,,,,2025-08-22T09:08:33Z,2026-04-28T12:49:19Z,,"fit","astroseirk@gmail.com_359554523090.fit",,,
i143689150,2025-08-18T16:31:27,"Cardio","Workout",4078,,4078,,,0.0,true,191,142,,410,,,,,70.31936,56,,,,44.537437,33.555656,,,,,false,false,,,,,,,56,,54,182,153,162,171,181,186,191,200,2710,430,330,385,198,26,0,,,,,,,,,58.0,false,false,false,4077,1200,600,41,182,,,,,,2025-08-18T14:31:27Z,2026-04-28T12:49:17Z,,"fit","astroseirk@gmail.com_358520095427.fit",,,
i143689146,2025-08-17T12:04:11,"Strength","WeightTraining",2817,,2817,,,0.0,true,171,112,,217,,,,,49.284657,19,,,,42.777187,34.36419,,,,,false,false,,,,,,,19,,54,182,153,162,171,181,186,191,200,2479,218,121,0,0,0,0,,,,,,,,,58.0,false,false,false,2816,0,0,,,,,,,,2025-08-17T10:04:11Z,2026-04-28T12:49:17Z,,"fit","astroseirk@gmail.com_358194479739.fit",,,
i143689136,2025-08-16T14:40:33,"Frederiksberg - W10 Sat Long Run - 17km Block Lo","Run",3715,9732.94,7386,58.90473,4.301,2.592,true,169,152,87.37209,573,true,,,,73.66596,59,,1,2.6199033,46.42853,35.192204,,,,,false,false,,,,,,,59,,54,182,153,162,171,181,186,191,200,1474,1131,1114,0,0,0,0,,,,,,,,,58.0,false,false,false,3914,300,300,,,,,,,,2025-08-16T12:40:33Z,2026-04-28T12:49:16Z,,"fit","astroseirk@gmail.com_357979197506.fit",,,
i143689132,2025-08-15T18:26:37,"Strength","WeightTraining",4726,,4726,,,0.0,true,159,103,,276,,,,,41.86145,23,,,,44.497993,34.61855,,,,,false,false,,,,,,,23,,54,182,153,162,171,181,186,191,200,4674,53,0,0,0,0,0,,,,,,,,,58.0,false,false,false,4725,1200,600,,,,,,,,2025-08-15T16:26:37Z,2026-04-28T12:49:13Z,,"fit","astroseirk@gmail.com_357737106342.fit",,,
i143689119,2025-08-14T19:01:08,"Copenhagen Running","Run",3227,9991.97,3229,36.04211,3.984,3.094,true,195,187,86.68341,597,true,,,,105.605,100,,10,3.096365,47.79933,35.45269,,,,,false,false,,,,,,,100,,54,182,153,162,171,181,186,191,200,47,9,28,351,492,1607,695,,,,,,,,,58.0,false,false,false,3228,300,300,,,,,,,,2025-08-14T17:01:08Z,2026-04-28T12:49:13Z,,"fit","astroseirk@gmail.com_357470671643.fit",,,
i143689102,2025-08-13T17:46:11,"Copenhagen Running","Run",3201,9042.69,3497,43.20638,3.452,2.809,true,186,172,86.98871,545,true,,,,90.53574,75,,4,2.8249578,39.783134,33.897408,,,,,false,false,,,,,,,75,,54,182,153,162,171,181,186,191,200,235,354,413,1602,599,0,0,,,,,,,,,58.0,false,false,false,3294,300,300,,,,,,,,2025-08-13T15:46:11Z,2026-04-28T12:49:10Z,,"fit","astroseirk@gmail.com_357190038488.fit",,,
i143689096,2025-08-11T12:55:03,"W10 Mon Easy Run - 10km Easy Run","VirtualRun",1858,5036.33,1940,,3.21,2.596,true,176,155,82.173935,279,true,,,,75.8653,31,,1,2.710619,39.653862,33.699936,,,,true,false,false,,,,,,,31,,54,182,153,162,171,181,186,191,200,645,235,490,422,0,0,0,,,,,,,,,58.0,false,false,false,1939,300,300,,,,,,,,2025-08-11T10:55:03Z,2026-04-28T12:49:08Z,,"fit","astroseirk@gmail.com_356582360469.fit",,,
i143689063,2025-08-08T10:36:15,"Zurich - W9 Sat Long Run - 17km Long Run","Run",6708,17007.86,7561,90.605225,3.788,2.53,true,180,165,86.15202,1047,true,,,,84.77749,135,,5,2.535459,54.5363,35.411747,,,,,false,false,,,,,,,135,,54,182,153,162,171,181,186,191,200,548,901,4502,758,0,0,0,,,,,,,,,58.0,false,false,false,6762,300,300,,,,,,,,2025-08-08T08:36:15Z,2026-04-28T12:49:07Z,,"fit","astroseirk@gmail.com_355759878714.fit",,,
i143689057,2025-08-06T17:06:28,"Cardio","Workout",3433,,3433,,,0.0,true,196,161,,479,,,,,85.73929,70,,,,48.65725,33.807583,,,,,false,false,,,,,,,70,,54,182,153,162,171,181,186,191,200,924,546,713,443,379,360,69,,,,,,,,,58.0,false,false,false,3428,0,0,40,184,,,,,,2025-08-06T15:06:28Z,2026-04-28T12:49:03Z,,"fit","astroseirk@gmail.com_355278617843.fit",,,
i143689051,2025-08-05T16:30:14,"Strength","WeightTraining",3848,,3848,,,0.0,true,184,137,,374,,,,,65.609856,46,,,,45.37975,34.622185,,,,,false,false,,,,,,,46,,54,182,153,162,171,181,186,191,200,2898,291,314,324,22,0,0,,,,,,,,,58.0,false,false,false,3847,1200,600,15,183,,,,,,2025-08-05T14:30:14Z,2026-04-28T12:49:02Z,,"fit","astroseirk@gmail.com_354998017837.fit",,,
i143689040,2025-08-04T17:09:48,"Zurich - W9 Mon Tempo - Over and Unders 1","Run",2259,6862.28,2554,39.55768,4.012,3.009,true,198,180,84.81624,411,true,,,,97.58168,62,,8,3.0377512,45.2845,35.456413,,,,,false,false,,,,,,,62,,54,182,153,162,171,181,186,191,200,83,146,347,408,395,430,452,,,,,,,,,58.0,false,false,false,2344,300,300,34,190,,,,,,2025-08-04T15:09:48Z,2026-04-28T12:49:01Z,,"fit","astroseirk@gmail.com_354727014793.fit",,,
i143689029,2025-08-03T17:15:18,"Zurich Running","Run",3467,10010.86,4138,56.200623,3.62,2.871,true,190,172,84.90139,590,true,,,,91.13799,82,,5,2.8874705,42.717583,34.81684,,,,,false,false,,,,,,,82,,54,182,153,162,171,181,186,191,200,262,729,425,768,1011,277,0,,,,,,,,,58.0,false,false,false,3554,300,300,,,,,,,,2025-08-03T15:15:18Z,2026-04-28T12:49:00Z,,"fit","astroseirk@gmail.com_354467837049.fit",,,
i143689012,2025-07-30T15:06:05,"Frederiksberg Running","Run",2249,6498.91,5255,27.401756,4.311,2.846,true,194,170,86.83572,381,true,,,,87.702126,51,,1,2.8896887,56.314064,36.173664,,,,,false,false,,,,,,,51,,54,182,153,162,171,181,186,191,200,309,209,678,535,224,209,81,,,,,,,,,58.0,false,false,false,2387,300,300,,,,,,,,2025-07-30T13:06:05Z,2026-04-28T12:48:57Z,,"fit","astroseirk@gmail.com_353375328546.fit",,,
i143689007,2025-07-29T19:05:11,"Indoor Cycling","VirtualRide",1206,,1206,,,0.0,true,141,130,,134,,,,,57.421707,11,,1,,57.13012,35.81642,,,,true,false,false,,250,,,,,11,,54,182,146,162,170,181,186,191,200,1207,0,0,0,0,0,0,,,,,,,,,58.0,false,false,false,1201,0,0,,,,,,,,2025-07-29T17:05:11Z,2026-04-28T12:48:55Z,,"fit","astroseirk@gmail.com_353151737361.fit",,,
i143689001,2025-07-29T18:17:10,"Strength","WeightTraining",2847,,2847,,,0.0,true,149,108,,182,,,,,43.566807,15,,,,57.13012,35.81642,,,,,false,false,,,,,,,15,,54,182,153,162,171,181,186,191,200,2848,0,0,0,0,0,0,,,,,,,,,58.0,false,false,false,2845,0,0,,,,,,,,2025-07-29T16:17:10Z,2026-04-28T12:48:54Z,,"fit","astroseirk@gmail.com_353132609228.fit",,,
i143688991,2025-07-28T16:40:36,"Copenhagen - W8 Mon Easy Run - 6.5km Easy Run","Run",2234,5699.65,4427,27.224579,3.602,2.518,true,178,160,85.01261,343,true,,,,79.65964,41,,1,2.5513206,61.910618,36.41438,,,,,false,false,,,,,,,41,,54,182,153,162,171,181,186,191,200,532,510,594,585,0,0,0,,,,,,,,,58.0,false,false,false,2326,300,300,,,,,,,,2025-07-28T14:40:36Z,2026-04-28T12:48:54Z,,"fit","astroseirk@gmail.com_352849769130.fit",,,
i143688748,2025-07-26T13:00:44,"Hrunamannahreppur Trail Running","TrailRun",13381,22368.62,13803,1042.5071,4.301,1.621,true,200,177,69.400085,2094,true,,,,94.72388,344,,8,1.6716702,75.12218,37.17864,,,,,false,false,,,,,,,344,,54,182,153,162,171,181,186,191,200,619,281,1475,5955,2969,1346,616,,,,,,,,,58.0,false,false,false,13802,300,300,29,200,,,,,,2025-07-26T11:00:44Z,2026-04-28T12:48:52Z,,"fit","astroseirk@gmail.com_352305418157.fit",,,
i143688688,2025-07-23T18:52:35,"Reykjavik Running","Run",1974,5480.61,1975,24.940897,3.359,2.775,true,185,177,87.267204,338,true,,,,95.49105,50,,5,2.7763982,45.0206,31.238386,,,,,false,false,,,,,,,50,,54,182,153,162,171,181,186,191,200,76,29,110,1171,590,0,0,,,,,,,,,58.0,false,false,false,1974,300,300,,,,,,,,2025-07-23T16:52:35Z,2026-04-28T12:48:01Z,,"fit","astroseirk@gmail.com_351656022979.fit",,,
i143688684,2025-07-22T21:38:22,"Strength","WeightTraining",2356,,2356,,,0.0,true,167,122,,202,,,,,52.466763,18,,,,44.255936,30.78632,,,,,false,false,,,,,,,18,,54,182,153,162,171,181,186,191,200,2215,89,53,0,0,0,0,,,,,,,,,58.0,false,false,false,2354,0,0,,,,,,,,2025-07-22T19:38:22Z,2026-04-28T12:47:53Z,,"fit","astroseirk@gmail.com_351306060548.fit",,,
i143688681,2025-07-22T21:06:09,"Running","Run",1150,3241.54,1849,0.0,3.191,2.476,true,178,153,88.18103,191,true,,,,70.38557,18,,1,2.8187304,44.255936,30.78632,,,,true,false,false,,,,,,,18,,54,182,153,162,171,181,186,191,200,635,148,307,55,0,0,0,,,,,,,,,58.0,false,false,false,1308,300,300,,,,,,,,2025-07-22T19:06:09Z,2026-04-28T12:47:52Z,,"fit","astroseirk@gmail.com_351299876602.fit",,,
i143688673,2025-07-21T18:21:43,"Treadmill Running","VirtualRun",2432,7736.24,3042,,4.563,2.674,true,199,172,86.38823,480,true,,,,84.234406,57,,7,3.1810198,45.523758,31.09441,,,,true,false,false,,,,,,,57,,54,182,153,162,171,181,186,191,200,245,405,449,456,239,184,382,,,,,,,,,58.0,false,false,false,2892,300,300,39,186,,,,,,2025-07-21T16:21:43Z,2026-04-28T12:47:52Z,,"fit","astroseirk@gmail.com_351005377370.fit",,,
i143688664,2025-07-20T15:31:27,"Strength","WeightTraining",3202,,3202,,,0.0,true,162,122,,260,,,,,54.07482,26,,,,43.76141,30.47021,,,,,false,false,,,,,,,26,,54,182,153,162,171,181,186,191,200,3093,110,0,0,0,0,0,,,,,,,,,58.0,false,false,false,3201,0,0,,,,,,,,2025-07-20T13:31:27Z,2026-04-28T12:47:51Z,,"fit","astroseirk@gmail.com_350715130118.fit",,,
i143688659,2025-07-20T14:48:35,"Treadmill Running","VirtualRun",2056,6223.83,2200,,4.311,2.913,true,188,161,85.903694,329,true,,,,79.767105,38,,4,3.0271547,43.76141,30.47021,,,,true,false,false,,,,,,,38,,54,182,153,162,171,181,186,191,200,632,320,577,372,108,12,0,,,,,,,,,58.0,false,false,false,2150,300,300,41,182,,,,,,2025-07-20T12:48:35Z,2026-04-28T12:47:50Z,,"fit","astroseirk@gmail.com_350702119676.fit",,,
i143688436,2025-07-19T12:18:37,"Reykjavik Trail Running","TrailRun",7733,13007.53,8781,632.86957,4.115,1.631,true,194,162,70.166245,1060,true,,,,81.36004,148,,8,1.6820807,40.65347,30.288776,,,,,false,false,,,,,,,148,,54,182,153,162,171,181,186,191,200,1279,2068,2432,1850,19,30,28,,,,,,,,,58.0,false,false,false,8049,300,300,,,,,,,,2025-07-19T10:18:37Z,2026-04-28T12:47:49Z,,"fit","astroseirk@gmail.com_350427903826.fit",,,
i143688417,2025-07-16T14:49:17,"Copenhagen Running","Run",2970,8238.89,3101,55.081097,4.516,2.759,true,190,176,87.00709,514,true,,,,94.55367,75,,4,2.774037,32.161716,28.791384,,,,,false,false,,,,,,,75,,54,182,153,162,171,181,186,191,200,122,86,172,1793,717,77,0,,,,,,,,,58.0,false,false,false,3020,300,300,,,,,,,,2025-07-16T12:49:17Z,2026-04-28T12:47:20Z,,"fit","astroseirk@gmail.com_349652442648.fit",,,
i143688414,2025-07-12T12:46:50,"Cardio","Workout",2213,,2213,,,0.0,true,187,148,,289,,,,,73.30167,33,,,,39.271908,29.727293,,,,,false,false,,,,,,,33,,54,182,153,162,171,181,186,191,200,1127,633,315,93,41,5,0,,,,,,,,,58.0,false,false,false,2211,0,0,33,183,,,,,,2025-07-12T10:46:50Z,2026-04-28T12:47:17Z,,"fit","astroseirk@gmail.com_348556085064.fit",,,
i143688395,2025-07-10T16:34:59,"Zurich - W5 Thu Easy Run - 8km Easy Run (","Run",3058,8097.63,3721,81.21402,3.294,2.611,true,194,170,85.06232,509,true,,,,87.69494,69,,1,2.648015,46.41375,31.177124,,,,,false,false,,,,,,,69,,54,182,153,162,171,181,186,191,200,318,242,944,1346,102,57,50,,,,,,,,,58.0,false,false,false,3230,300,300,,,,,,,,2025-07-10T14:34:59Z,2026-04-28T12:47:17Z,,"fit","astroseirk@gmail.com_348076281220.fit",,,
i143688381,2025-07-09T16:33:03,"Zurich - W5 Wed Intervals - 400s into 200","Run",1934,5207.74,2110,39.479126,4.684,2.595,true,194,173,78.215935,339,true,,,,88.61186,46,,7,2.6927302,42.945293,30.265774,,,,,false,false,,,,,,,46,,54,182,153,162,171,181,186,191,200,175,234,299,733,331,156,5,,,,,,,,,58.0,false,false,false,2109,300,300,44,183,,,,,,2025-07-09T14:33:03Z,2026-04-28T12:47:14Z,,"fit","astroseirk@gmail.com_347806754633.fit",,,
i143688375,2025-07-09T12:28:24,"Zurich Walking","Walk",3824,5059.32,6471,55.0,2.855,0.935,true,152,107,57.114925,329,,,,,36.840332,20,,,1.323044,42.945293,30.265774,,,,,false,false,,,,,,,20,,54,182,153,162,171,181,186,191,200,3673,0,0,0,0,0,0,,,,,,,,,58.0,false,false,false,5305,1200,600,,,,,,,,2025-07-09T10:28:24Z,2026-04-28T12:47:12Z,,"fit","astroseirk@gmail.com_347775524893.fit",,,
i143688371,2025-07-08T20:00:42,"Pilates","Pilates",2027,,2027,,,0.0,true,130,103,56.0,125,,,,,40.0,9,,,,39.4049,29.404749,,,,,false,false,,,,,,,9,,54,182,153,162,171,181,186,191,200,2027,0,0,0,0,0,0,,,,,,,,,58.0,false,false,false,2025,0,0,,,,,,,,2025-07-08T18:00:42Z,2026-04-28T12:47:12Z,,"fit","astroseirk@gmail.com_347578518502.fit",,,
i143688366,2025-07-08T19:09:09,"Strength","WeightTraining",2879,,2879,,,0.0,true,162,113,,214,,,,,47.450645,18,,,,39.4049,29.404749,,,,,false,false,,,,,,,18,,54,182,153,162,171,181,186,191,200,2855,25,0,0,0,0,0,,,,,,,,,58.0,false,false,false,2878,0,0,,,,,,,,2025-07-08T17:09:09Z,2026-04-28T12:47:11Z,,"fit","astroseirk@gmail.com_347571643032.fit",,,
i143688358,2025-07-08T17:59:53,"W5 Mon Tempo - Rolling 300s (6.6","VirtualRun",2179,6616.38,2832,,4.693,2.913,true,196,173,85.608635,386,true,,,,89.75614,51,,8,3.0364294,39.4049,29.404749,,,,true,false,false,,,,,,,51,,54,182,153,162,171,181,186,191,200,272,523,62,245,419,319,270,,,,,,,,,58.0,false,false,false,2279,300,300,,,,,,,,2025-07-08T15:59:53Z,2026-04-28T12:47:10Z,,"fit","astroseirk@gmail.com_347558633155.fit",,,
i143688337,2025-07-05T14:55:34,"Frederiksberg - W4 Sat Long Run - 7km Long Run (","Run",3053,8018.15,5765,32.328896,3.966,2.598,true,166,150,85.87782,462,true,,,,71.35221,45,,3,2.6263185,44.54964,30.065697,,,,,false,false,,,,,,,45,,54,182,153,162,171,181,186,191,200,1602,1373,87,0,0,0,0,,,,,,,,,58.0,false,false,false,3182,300,300,,,,,,,,2025-07-05T12:55:34Z,2026-04-28T12:47:10Z,,"fit","astroseirk@gmail.com_346755462486.fit",,,
i143688323,2025-07-04T17:07:09,"Copenhagen Running","Run",1941,5911.97,2165,46.49231,3.956,3.02,true,197,183,86.406334,356,true,,,,100.88891,57,,8,3.0458374,44.48048,29.70585,,,,,false,false,,,,,,,57,,54,182,153,162,171,181,186,191,200,73,46,32,234,527,703,325,,,,,,,,,58.0,false,false,false,2016,300,300,,,,,,,,2025-07-04T15:07:09Z,2026-04-28T12:47:07Z,,"fit","astroseirk@gmail.com_346506144643.fit",,,
i143688316,2025-07-02T17:43:42,"Strength","WeightTraining",1784,,1784,,,0.0,true,158,127,,170,,,,,56.837578,16,,,,49.093327,29.748114,,,,,false,false,,,,,,,16,,54,182,153,162,171,181,186,191,200,1761,24,0,0,0,0,0,,,,,,,,,58.0,false,false,false,1783,0,0,,,,,,,,2025-07-02T15:43:42Z,2026-04-28T12:47:05Z,,"fit","astroseirk@gmail.com_345992045129.fit",,,
i143688312,2025-07-02T16:45:59,"Treadmill Running","VirtualRun",2496,6960.0,3152,,3.275,2.208,true,199,178,82.35042,530,true,,,,86.83584,66,,8,2.7884614,49.093327,29.748114,,,,true,false,false,,,,,,,66,,54,182,153,162,171,181,186,191,200,62,124,285,699,375,322,518,,,,,,,,,58.0,false,false,false,3151,300,300,24,188,,,,,,2025-07-02T14:45:59Z,2026-04-28T12:47:04Z,,"fit","astroseirk@gmail.com_345986353999.fit",,,
i143688301,2025-07-01T15:56:52,"Frederiksberg Running","Run",1898,4560.28,2444,48.933395,3.462,2.373,true,187,164,83.4107,297,true,,,,84.2714,39,,1,2.4026763,44.040012,28.874617,,,,,false,false,,,,,,,39,,54,182,153,162,171,181,186,191,200,409,399,141,664,278,10,0,,,,,,,,,58.0,false,false,false,1977,300,300,14,185,,,,,,2025-07-01T13:56:52Z,2026-04-28T12:47:04Z,,"fit","astroseirk@gmail.com_345715051884.fit",,,
i143688294,2025-06-30T19:56:55,"Copenhagen Running","Run",1067,3140.04,1131,18.878513,4.012,2.92,true,194,184,84.31643,193,true,,,,101.23208,31,,4,2.942868,44.813984,28.630644,,,,,false,false,,,,,,,31,,54,182,153,162,171,181,186,191,200,30,22,26,203,197,500,91,,,,,,,,,58.0,false,false,false,1089,0,0,,,,,,,,2025-06-30T17:56:55Z,2026-04-28T12:47:02Z,,"fit","astroseirk@gmail.com_345490068593.fit",,,
i143688288,2025-06-30T19:18:27,"Strength","WeightTraining",2253,,2253,,,0.0,true,172,134,,244,,,,,63.231503,25,,,,44.813984,28.630644,,,,,false,false,,,,,,,25,,54,182,153,162,171,181,186,191,200,1864,195,187,8,0,0,0,,,,,,,,,58.0,false,false,false,2251,0,0,,,,,,,,2025-06-30T17:18:27Z,2026-04-28T12:47:01Z,,"fit","astroseirk@gmail.com_345486470052.fit",,,
i143688277,2025-06-30T18:57:03,"Frederiksberg Running","Run",996,3022.63,1244,7.4748154,4.451,2.957,true,191,171,85.510574,175,true,,,,85.336525,23,,1,3.034769,44.813984,28.630644,,,,,false,false,,,,,,,23,,54,182,153,162,171,181,186,191,200,84,137,145,402,141,84,0,,,,,,,,,58.0,false,false,false,1137,300,300,,,,,,,,2025-06-30T16:57:03Z,2026-04-28T12:47:01Z,,"fit","astroseirk@gmail.com_345486461531.fit",,,
i143688251,2025-06-29T10:51:35,"Frederiksberg - W3 Sat Long Run - 12km Long Run","Run",4856,12515.6,7083,61.82553,4.171,2.553,true,185,168,85.56387,784,true,,,,86.83545,105,,1,2.5773475,39.56421,28.019363,,,,,false,false,,,,,,,105,,54,182,153,162,171,181,186,191,200,363,502,2028,1754,215,0,0,,,,,,,,,58.0,false,false,false,5013,300,300,,,,,,,,2025-06-29T08:51:35Z,2026-04-28T12:47:00Z,,"fit","astroseirk@gmail.com_345150591218.fit",,,
i143688245,2025-06-28T11:35:49,"Strength","WeightTraining",3497,,3497,,,0.0,true,199,167,,529,,,,,90.80232,80,,,,29.515564,26.164497,,,,,false,false,,,,,,,80,,54,182,153,162,171,181,186,191,200,956,395,201,558,433,593,362,,,,,,,,,58.0,false,false,false,3493,0,0,20,198,,,,,,2025-06-28T09:35:49Z,2026-04-28T12:46:56Z,,"fit","astroseirk@gmail.com_344884476165.fit",,,
i143688225,2025-06-26T08:51:57,"Frederiksberg - W3 Thu Easy Run - 7.5km Easy Run","Run",2763,7030.61,2910,32.32617,4.395,2.532,true,193,177,86.02722,458,true,,,,96.33454,72,,4,2.5445566,25.104946,27.440567,,,,,false,false,,,,,,,72,,54,182,153,162,171,181,186,191,200,81,26,339,1274,714,295,35,,,,,,,,,58.0,false,false,false,2793,300,300,11,193,,,,,,2025-06-26T06:51:57Z,2026-04-28T12:46:56Z,,"fit","astroseirk@gmail.com_344512559312.fit",,,
i143688205,2025-06-25T16:49:19,"Strength","WeightTraining",5664,,5664,,,0.0,true,166,122,,436,,,,,53.49472,45,,,,17.903507,26.366898,,,,,false,false,,,,,,,45,,54,182,153,162,171,181,186,191,200,5446,214,5,0,0,0,0,,,,,,,,,58.0,false,false,false,5661,1200,600,,,,,,,,2025-06-25T14:49:19Z,2026-04-28T12:46:53Z,,"fit","astroseirk@gmail.com_344173291049.fit",,,
i143688189,2025-06-24T17:09:53,"Copenhagen Running","Run",2624,7343.42,3064,52.523567,3.452,2.774,true,193,175,85.98351,464,true,,,,93.12943,65,,7,2.7985594,13.742434,27.002214,,,,,false,false,,,,,,,65,,54,182,153,162,171,181,186,191,200,267,158,233,1040,608,261,60,,,,,,,,,58.0,false,false,false,2698,300,300,,,,,,,,2025-06-24T15:09:53Z,2026-04-28T12:46:51Z,,"fit","astroseirk@gmail.com_343995925273.fit",,,
i143688180,2025-06-16T10:34:09,"Cardio","Workout",2404,,2404,,,0.0,true,187,146,,281,,,,,73.454094,36,,,,15.959209,30.817734,,,,,false,false,,,,,,,36,,54,182,153,162,171,181,186,191,200,1218,395,411,339,38,4,0,,,,,,,,,58.0,false,false,false,2402,0,0,31,182,,,,,,2025-06-16T09:34:09Z,2026-04-28T12:46:48Z,,"fit","astroseirk@gmail.com_341747555818.fit",,,
i143688162,2025-06-11T17:35:01,"Frederiksberg - W1 Mon Intervals - 400m Repeats","Run",2352,6788.25,2801,27.40862,4.497,2.611,true,200,177,79.60848,458,true,,,,89.45929,60,,8,2.8861606,22.810751,34.71382,,,,,false,false,,,,,,,60,,54,182,153,162,171,181,186,191,200,163,170,318,706,339,322,317,,,,,,,,,58.0,false,false,false,2699,300,300,39,184,,,,,,2025-06-11T15:35:01Z,2026-04-28T12:46:47Z,,"fit","astroseirk@gmail.com_340505506946.fit",,,
i143688158,2025-06-09T14:18:20,"Cardio","Workout",2527,,2527,,,0.0,true,184,143,,283,,,,,71.628494,36,,,,19.725714,34.926304,,,,,false,false,,,,,,,36,,54,182,153,162,171,181,186,191,200,1650,225,213,397,43,0,0,,,,,,,,,58.0,false,false,false,2526,0,0,41,182,,,,,,2025-06-09T12:18:20Z,2026-04-28T12:46:45Z,,"fit","astroseirk@gmail.com_339940978559.fit",,,
i143688138,2025-06-03T17:51:52,"Zurich Running","Run",2487,7056.22,3066,76.63724,5.039,2.789,true,186,166,84.49775,412,true,,,,81.59042,51,,1,2.8372416,35.189144,40.28976,,,,,false,false,,,,,,,51,,54,182,153,162,171,181,186,191,200,302,408,966,746,60,0,0,,,,,,,,,58.0,false,false,false,2758,300,300,,,,,,,,2025-06-03T15:51:52Z,2026-04-28T12:46:44Z,,"fit","astroseirk@gmail.com_338423735905.fit",,,
i143688133,2025-06-02T20:03:53,"Strength","WeightTraining",2617,,2617,,,0.0,true,155,117,,199,,,,,49.78915,18,,,,32.76115,40.031696,,,,,false,false,,,,,,,18,,54,182,153,162,171,181,186,191,200,2604,14,0,0,0,0,0,,,,,,,,,58.0,false,false,false,2614,0,0,,,,,,,,2025-06-02T18:03:53Z,2026-04-28T12:46:42Z,,"fit","astroseirk@gmail.com_338195444126.fit",,,
i143688124,2025-06-02T19:42:48,"Treadmill Running","VirtualRun",1015,3059.65,1016,,3.219,3.012,true,190,170,84.239174,171,true,,,,90.319626,23,,6,3.0144334,32.76115,40.031696,,,,true,false,false,,,,,,,23,,54,182,153,162,171,181,186,191,200,162,71,161,274,269,78,0,,,,,,,,,58.0,false,false,false,1015,0,0,,,,,,,,2025-06-02T17:42:48Z,2026-04-28T12:46:41Z,,"fit","astroseirk@gmail.com_338195428330.fit",,,
i143688120,2025-06-01T10:48:06,"Cardio","Workout",5092,,5092,,,0.0,true,173,126,,399,,,,,58.271427,48,,,,31.495953,40.442078,,,,,false,false,,,,,,,48,,54,182,153,162,171,181,186,191,200,3981,749,355,8,0,0,0,,,,,,,,,58.0,false,false,false,5089,1200,600,,,,,,,,2025-06-01T08:48:06Z,2026-04-28T12:46:40Z,,"fit","astroseirk@gmail.com_337825233290.fit",,,
i143688098,2025-05-29T10:12:39,"Gentofte Running","Run",4456,12253.55,4505,138.08046,3.48,2.743,true,195,175,87.5448,762,true,,,,94.16473,110,,6,2.749899,38.539433,43.436466,,,,,false,false,,,,,,,110,,54,182,153,162,171,181,186,191,200,93,175,631,2544,750,224,39,,,,,,,,,58.0,false,false,false,4466,300,300,11,185,,,,,,2025-05-29T08:12:39Z,2026-04-28T12:46:40Z,,"fit","astroseirk@gmail.com_337043312024.fit",,,
i143688095,2025-05-28T19:18:45,"Frederiksberg Walking","Walk",1998,2674.05,2544,7.0,3.462,1.051,true,142,108,57.300343,169,,,,,37.662178,10,,,1.3383634,27.56559,41.832603,,,,,false,false,,,,,,,10,,54,182,153,162,171,181,186,191,200,1947,0,0,0,0,0,0,,,,,,,,,58.0,false,false,false,2538,0,0,,,,,,,,2025-05-28T17:18:45Z,2026-04-28T12:46:37Z,,"fit","astroseirk@gmail.com_336872218267.fit",,,
i143688081,2025-05-28T14:53:47,"Frederiksberg Running","Run",1583,5018.95,1641,20.290306,4.022,3.157,true,195,180,86.99177,291,true,,,,99.405594,44,,8,3.1705308,27.56559,41.832603,,,,,false,false,,,,,,,44,,54,182,153,162,171,181,186,191,200,73,35,113,307,349,534,171,,,,,,,,,58.0,false,false,false,1603,300,300,,,,,,,,2025-05-28T12:53:47Z,2026-04-28T12:46:36Z,,"fit","astroseirk@gmail.com_336824481015.fit",,,
i143688058,2025-05-23T15:33:27,"Copenhagen Running","Run",4484,12310.99,4680,83.98109,4.078,2.732,true,182,172,87.56292,764,true,,,,90.74852,105,,4,2.7455375,41.62464,45.690083,,,,,false,false,,,,,,,105,,54,182,153,162,171,181,186,191,200,122,231,1186,2865,80,0,0,,,,,,,,,58.0,false,false,false,4590,300,300,,,,,,,,2025-05-23T13:33:27Z,2026-04-28T12:46:35Z,,"fit","astroseirk@gmail.com_335555639676.fit",,,
i143688046,2025-05-22T17:49:19,"Strength","WeightTraining",1841,,1841,,,0.0,true,180,143,,232,,,,,70.01401,25,,,,31.892406,44.260998,,,,,false,false,,,,,,,25,,54,182,153,162,171,181,186,191,200,1235,285,196,126,0,0,0,,,,,,,,,58.0,false,false,false,1836,0,0,,,,,,,,2025-05-22T15:49:19Z,2026-04-28T12:46:31Z,,"fit","astroseirk@gmail.com_335320138647.fit",,,
i143688037,2025-05-22T17:19:25,"Frederiksberg Running","Run",1044,2784.52,1059,21.253044,3.415,2.65,true,176,165,87.698746,172,true,,,,84.5314,21,,1,2.6671648,31.892406,44.260998,,,,,false,false,,,,,,,21,,54,182,153,162,171,181,186,191,200,85,189,572,200,0,0,0,,,,,,,,,58.0,false,false,false,1058,0,0,,,,,,,,2025-05-22T15:19:25Z,2026-04-28T12:46:30Z,,"fit","astroseirk@gmail.com_335313343586.fit",,,
i143688024,2025-05-21T07:07:51,"Copenhagen Running","Run",1887,5471.09,2006,36.65326,4.022,2.848,true,190,175,89.15927,336,true,,,,93.85048,47,,3,2.8993587,29.725973,44.821476,,,,,false,false,,,,,,,47,,54,182,153,162,171,181,186,191,200,114,94,253,729,521,175,0,,,,,,,,,58.0,false,false,false,1921,300,300,,,,,,,,2025-05-21T05:07:51Z,2026-04-28T12:46:29Z,,"fit","astroseirk@gmail.com_334957546095.fit",,,
i143688013,2025-05-19T18:00:45,"Frederiksberg Running","Run",1591,5020.93,1752,14.855833,5.048,3.113,true,192,180,84.66603,295,true,,,,96.16099,44,,6,3.155833,31.230797,45.847706,,,,,false,false,,,,,,,44,,54,182,153,162,171,181,186,191,200,69,47,115,301,386,621,49,,,,,,,,,58.0,false,false,false,1713,300,300,,,,,,,,2025-05-19T16:00:45Z,2026-04-28T12:46:27Z,,"fit","astroseirk@gmail.com_334558515780.fit",,,
i143687939,2025-05-11T09:54:33,"Copenhagen - W19 Sun Race - Copenhagen Marath","Run",14474,42786.03,14488,228.40804,4.245,2.953,true,189,179,86.09479,2550,true,,,,97.55767,383,,10,2.9560614,79.56382,54.21526,,,,,false,false,,,,,,,383,,54,182,153,162,171,181,186,191,200,90,71,84,10318,3857,55,0,,,,,,,,,58.0,false,false,false,14487,300,300,11,187,,,,,,2025-05-11T07:54:33Z,2026-04-28T12:46:25Z,,"fit","astroseirk@gmail.com_332491842496.fit",,,
i143687926,2025-05-10T08:43:26,"Copenhagen Running","Run",1935,5278.57,2150,41.348213,3.406,2.563,true,183,165,87.52332,339,true,,,,83.50668,40,,1,2.727943,32.966644,46.293114,,,,,false,false,,,,,,,40,,54,182,153,162,171,181,186,191,200,374,281,310,896,73,0,0,,,,,,,,,58.0,false,false,false,2065,300,300,,,,,,,,2025-05-10T06:43:26Z,2026-04-28T12:46:15Z,,"fit","astroseirk@gmail.com_332184261227.fit",,,
i143687909,2025-05-07T17:32:46,"Frederiksberg - W19 Wed Taper Intervals - Taper","Run",2109,6019.26,2127,28.942385,4.096,2.85,true,192,176,86.637184,375,true,,,,95.62391,54,,4,2.8540823,42.431843,48.709908,,,,,false,false,,,,,,,54,,54,182,153,162,171,181,186,191,200,109,246,355,319,649,420,13,,,,,,,,,58.0,false,false,false,2126,300,300,10,189,,,,,,2025-05-07T15:32:46Z,2026-04-28T12:46:13Z,,"fit","astroseirk@gmail.com_331539789343.fit",,,
i143687884,2025-05-06T15:52:31,"Copenhagen Running","Run",2580,5860.81,2714,40.296997,3.247,2.265,true,166,147,87.325455,354,true,,,,69.24248,35,,1,2.2716317,40.65538,48.582443,,,,,false,false,,,,,,,35,,54,182,153,162,171,181,186,191,200,1931,497,152,0,0,0,0,,,,,,,,,58.0,false,false,false,2628,300,300,,,,,,,,2025-05-06T13:52:31Z,2026-04-28T12:46:11Z,,"fit","astroseirk@gmail.com_331275873419.fit",,,
i143687854,2025-05-03T12:29:27,"Bornholm Trail Running","TrailRun",4510,8285.08,4664,282.29413,3.639,1.776,true,196,174,75.78954,729,true,,,,92.57208,111,,4,1.8370466,55.256294,51.29509,,,,,false,false,,,,,,,111,,54,182,153,162,171,181,186,191,200,393,507,453,1508,1097,249,296,,,,,,,,,58.0,false,false,false,4663,300,300,39,186,,,,,,2025-05-03T10:29:27Z,2026-04-28T12:46:09Z,,"fit","astroseirk@gmail.com_330509935670.fit",,,
i143687836,2025-05-02T16:48:24,"Bornholm Running","Run",1851,4874.88,2104,77.66888,3.266,2.607,true,181,164,85.67863,308,true,,,,84.17307,37,,1,2.6336467,46.696014,49.856487,,,,,false,false,,,,,,,37,,54,182,153,162,171,181,186,191,200,349,285,467,752,0,0,0,,,,,,,,,58.0,false,false,false,1880,300,300,,,,,,,,2025-05-02T14:48:24Z,2026-04-28T12:46:05Z,,"fit","astroseirk@gmail.com_330300452615.fit",,,
i143687827,2025-04-30T17:37:39,"Copenhagen Running","Run",613,1710.22,963,5.039298,3.947,2.747,true,171,154,86.830315,98,true,,,,76.07747,10,,2,2.7899184,55.58451,51.375034,,,,,false,false,,,,,,,10,,54,182,153,162,171,181,186,191,200,236,124,255,0,0,0,0,,,,,,,,,58.0,false,false,false,622,0,0,,,,,,,,2025-04-30T15:37:39Z,2026-04-28T12:46:04Z,,"fit","astroseirk@gmail.com_329799541435.fit",,,
i143687813,2025-04-30T17:17:54,"Copenhagen - W18 Wed Tempo - Tempo 3km (7km)","Run",885,2812.44,1146,21.12024,4.012,3.135,true,192,171,89.453514,156,true,,,,90.11271,21,,1,3.1778982,55.58451,51.375034,,,,,false,false,,,,,,,21,,54,182,153,162,171,181,186,191,200,120,72,91,404,92,107,1,,,,,,,,,58.0,false,false,false,931,0,0,,,,,,,,2025-04-30T15:17:54Z,2026-04-28T12:46:03Z,,"fit","astroseirk@gmail.com_329796753817.fit",,,
i143687793,2025-04-28T19:20:49,"Frederiksberg Running","Run",2761,7107.34,4576,37.41374,4.395,2.546,true,172,162,87.80241,440,true,,,,81.89794,52,,2,2.5741904,68.475426,53.115696,,,,,false,false,,,,,,,52,,54,182,153,162,171,181,186,191,200,223,884,1647,4,0,0,0,,,,,,,,,58.0,false,false,false,2791,300,300,,,,,,,,2025-04-28T17:20:49Z,2026-04-28T12:46:02Z,,"fit","astroseirk@gmail.com_329327387024.fit",,,
i143687754,2025-04-26T15:44:21,"Reykjavik Running","Run",804,2042.35,826,1.2056353,3.023,2.52,true,175,170,86.46339,132,true,,,,88.62587,18,,1,2.5402362,81.909424,54.42306,,,,,false,false,,,,,,,18,,54,182,153,162,171,181,186,191,200,0,23,505,278,0,0,0,,,,,,,,,58.0,false,false,false,825,0,0,,,,,,,,2025-04-26T13:44:21Z,2026-04-28T12:45:59Z,,"fit","astroseirk@gmail.com_328778797224.fit",,,
i143687631,2025-04-26T13:40:22,"Reykjavik - W17 Sat Long Run - 23km Long Run","Run",7275,21231.55,7403,49.387123,3.331,2.915,true,193,182,86.06466,1301,true,,,,99.93818,202,,8,2.9184263,81.909424,54.42306,,,,,false,false,,,,,,,202,,54,182,153,162,171,181,186,191,200,88,33,100,2303,2156,2490,107,,,,,,,,,58.0,false,false,false,7281,300,300,,,,,,,,2025-04-26T11:40:22Z,2026-04-28T12:45:55Z,,"fit","astroseirk@gmail.com_328778780197.fit",,,
i143687626,2025-04-25T11:30:37,"Yoga","Yoga",2635,,2635,,,,true,158,125,,219,,,,,54.834602,22,,,,60.703545,50.433445,,,,,false,false,,,,,,,22,,54,182,153,162,171,181,186,191,200,2568,68,0,0,0,0,0,,,,,,,,,58.0,false,false,false,2634,0,0,,,,,,,,2025-04-25T09:30:37Z,2026-04-28T12:45:28Z,,"fit","astroseirk@gmail.com_328497234115.fit",,,
i143687591,2025-04-24T13:39:08,"Reykjavik - michigan","Run",1452,4083.51,1460,24.77089,3.611,2.798,true,200,180,86.523056,261,true,,,,100.5809,41,,1,2.8123348,70.02548,51.64865,,,,,false,false,,,,,,,41,,54,182,153,162,171,181,186,191,200,92,48,206,372,114,61,554,,,,,,,,,58.0,false,false,false,1459,300,300,,,,,,,,2025-04-24T11:39:08Z,2026-04-28T12:45:27Z,,"fit","astroseirk@gmail.com_328281187330.fit",,,
i143687587,2025-04-23T19:37:13,"Yoga","Yoga",4239,,4239,,,,true,153,115,,300,,,,,47.89086,27,,,,74.48278,51.90523,,,,,false,false,,,,,,,27,,54,182,153,162,171,181,186,191,200,4240,0,0,0,0,0,0,,,,,,,,,58.0,false,false,false,4238,1200,600,,,,,,,,2025-04-23T17:37:13Z,2026-04-28T12:45:21Z,,"fit","astroseirk@gmail.com_328101073154.fit",,,
i143687521,2025-04-23T18:18:07,"Reykjavik Running","Run",3066,8500.7,3119,72.222015,3.322,2.725,true,187,172,86.81881,534,true,,,,91.17577,72,,1,2.7725701,74.48278,51.90523,,,,,false,false,,,,,,,72,,54,182,153,162,171,181,186,191,200,95,138,1165,1086,538,43,0,,,,,,,,,58.0,false,false,false,3118,300,300,14,185,,,,,,2025-04-23T16:18:07Z,2026-04-28T12:45:21Z,,"fit","astroseirk@gmail.com_328084766488.fit",,,
i143687444,2025-04-22T17:53:20,"Reykjavik Running","Run",3019,8212.16,3050,35.99407,3.191,2.71,true,179,168,87.10982,508,true,,,,87.605064,65,,4,2.720159,74.86405,51.421043,,,,,false,false,,,,,,,65,,54,182,153,162,171,181,186,191,200,97,241,1688,994,0,0,0,,,,,,,,,58.0,false,false,false,3049,300,300,,,,,,,,2025-04-22T15:53:20Z,2026-04-28T12:45:08Z,,"fit","astroseirk@gmail.com_327832918031.fit",,,
i143687436,2025-04-21T18:50:27,"Reykjavik Walking","Walk",1741,1953.84,1958,16.0,1.773,0.998,true,125,112,52.484276,114,,,,,42.90094,10,,,1.1222515,76.37882,51.093857,,,,,false,false,,,,,,,10,,54,182,153,162,171,181,186,191,200,1755,0,0,0,0,0,0,,,,,,,,,58.0,false,false,false,1956,0,0,,,,,,,,2025-04-21T16:50:27Z,2026-04-28T12:44:56Z,,"fit","astroseirk@gmail.com_327594232661.fit",,,
i143687398,2025-04-20T16:29:45,"Reykjavik Running","Run",1206,2381.1,1316,61.10482,2.967,1.921,true,179,167,83.44108,182,true,,,,85.228645,25,,1,1.9743782,86.57229,52.084023,,,,,false,false,,,,,,,25,,54,182,153,162,171,181,186,191,200,56,357,393,402,0,0,0,,,,,,,,,58.0,false,false,false,1239,300,300,,,,,,,,2025-04-20T14:29:45Z,2026-04-28T12:44:55Z,,"fit","astroseirk@gmail.com_327326509981.fit",,,
i143687182,2025-04-20T13:17:44,"Reykjavik Running","Run",10571,30011.74,11406,129.34157,3.48,2.83,true,200,170,87.30393,1787,true,,,,90.5042,243,,5,2.8390634,86.57229,52.084023,,,,,false,false,,,,,,,243,,54,182,153,162,171,181,186,191,200,465,1262,3683,3503,1065,482,115,,,,,,,,,58.0,false,false,false,10680,300,300,120,200,,,,,,2025-04-20T11:17:44Z,2026-04-28T12:44:50Z,,"fit","astroseirk@gmail.com_327322402588.fit",,,
i143687176,2025-04-19T12:45:45,"Yoga","Yoga",4632,,4632,,,,true,151,110,,299,,,,,44.96219,26,,,,58.71134,46.881477,,,,,false,false,,,,,,,26,,54,182,153,162,171,181,186,191,200,4632,0,0,0,0,0,0,,,,,,,,,58.0,false,false,false,4630,1200,600,,,,,,,,2025-04-19T10:45:45Z,2026-04-28T12:44:10Z,,"fit","astroseirk@gmail.com_327054881047.fit",,,
i143687130,2025-04-18T13:11:56,"Reykjavik Running","Run",3791,10746.98,4058,26.299574,4.451,2.667,true,187,167,87.754074,669,true,,,,84.25462,80,,1,2.834867,67.72735,48.011097,,,,,false,false,,,,,,,80,,54,182,153,162,171,181,186,191,200,204,594,1919,723,336,10,0,,,,,,,,,58.0,false,false,false,4057,300,300,25,185,,,,,,2025-04-18T11:11:56Z,2026-04-28T12:44:10Z,,"fit","astroseirk@gmail.com_326816102526.fit",,,
i143687128,2025-04-17T13:24:34,"Treadmill Running","VirtualRun",1398,4500.0,1426,,3.984,3.209,true,198,191,89.99428,279,true,,,,108.96644,47,,4,3.2188842,65.8427,47.24032,,,,true,false,false,,,,,,,47,,54,182,153,162,171,181,186,191,200,18,15,19,98,104,51,1084,,,,,,,,,58.0,false,false,false,1425,300,300,,,,,,,,2025-04-17T11:24:34Z,2026-04-28T12:43:55Z,,"fit","astroseirk@gmail.com_326571870658.fit",,,
i143687083,2025-04-17T12:16:34,"Reykjavik Running","Run",3612,10269.93,3613,42.144783,3.378,2.842,true,185,174,87.686424,627,true,,,,93.11872,87,,4,2.8432806,65.8427,47.24032,,,,,false,false,,,,,,,87,,54,182,153,162,171,181,186,191,200,71,39,782,2568,154,0,0,,,,,,,,,58.0,false,false,false,3612,300,300,,,,,,,,2025-04-17T10:16:34Z,2026-04-28T12:43:54Z,,"fit","astroseirk@gmail.com_326566380789.fit",,,
i143687070,2025-04-14T17:59:58,"Frederiksberg - W16 Mon Easy Run - 12km Easy Run","Run",5833,14982.07,6567,102.16176,4.637,2.355,true,169,153,87.90062,957,true,,,,72.54877,93,,1,2.5685017,73.689674,47.351826,,,,,false,false,,,,,,,93,,54,182,153,162,171,181,186,191,200,2058,2979,787,0,0,0,0,,,,,,,,,58.0,false,false,false,6361,300,300,,,,,,,,2025-04-14T15:59:58Z,2026-04-28T12:43:40Z,,"fit","astroseirk@gmail.com_325907646367.fit",,,
i143687035,2025-04-13T11:23:52,"Frederiksberg - W15 Sat Long Run - 34km Long Run","Run",12472,32013.88,14632,128.57274,4.348,2.554,true,184,159,86.84218,1904,true,,,,79.77106,225,,1,2.5668602,70.72428,46.251923,,,,,false,false,,,,,,,225,,54,182,153,162,171,181,186,191,200,3962,3296,3669,944,601,0,0,,,,,,,,,58.0,false,false,false,12729,300,300,,,,,,,,2025-04-13T09:23:52Z,2026-04-28T12:43:36Z,,"fit","astroseirk@gmail.com_325622141016.fit",,,
i143687026,2025-04-11T11:13:34,"Treadmill Running","VirtualRun",3580,11080.0,3733,,5.449,3.0,true,190,174,82.67328,648,true,,,,91.58587,86,,1,3.0949721,54.25554,42.95562,,,,true,false,false,,,,,,,86,,54,182,153,162,171,181,186,191,200,163,98,706,1786,610,188,0,,,,,,,,,58.0,false,false,false,3691,300,300,44,183,,,,,,2025-04-11T09:13:34Z,2026-04-28T12:43:28Z,,"fit","astroseirk@gmail.com_325095800798.fit",,,
i143687020,2025-04-09T12:06:11,"Frederiksberg Running","Run",959,3106.88,994,12.478119,3.686,3.208,true,191,181,87.9279,182,true,,,,98.93695,27,,1,3.239708,56.963852,42.928493,,,,,false,false,,,,,,,27,,54,182,153,162,171,181,186,191,200,50,10,20,282,194,404,0,,,,,,,,,58.0,false,false,false,993,0,0,,,,,,,,2025-04-09T10:06:11Z,2026-04-28T12:43:26Z,,"fit","astroseirk@gmail.com_324614781746.fit",,,
i143687003,2025-04-08T18:14:25,"Frederiksberg Running","Run",3718,10030.49,4317,70.40434,3.658,2.686,true,184,163,84.58468,612,true,,,,82.687645,72,,1,2.6978188,61.56525,43.312294,,,,,false,false,,,,,,,72,,54,182,153,162,171,181,186,191,200,258,999,2201,214,41,0,0,,,,,,,,,58.0,false,false,false,3791,300,300,,,,,,,,2025-04-08T16:14:25Z,2026-04-28T12:43:25Z,,"fit","astroseirk@gmail.com_324443001672.fit",,,
i143686987,2025-04-07T16:49:05,"Copenhagen - W15 Mon Intervals - Descending I","Run",3999,11254.12,4218,62.394543,4.227,2.775,true,194,167,82.186424,689,true,,,,86.32791,85,,3,2.8142335,59.962837,42.621056,,,,,false,false,,,,,,,85,,54,182,153,162,171,181,186,191,200,572,597,1581,587,292,330,37,,,,,,,,,58.0,false,false,false,4106,300,300,53,190,,,,,,2025-04-07T14:49:05Z,2026-04-28T12:43:23Z,,"fit","astroseirk@gmail.com_324181807382.fit",,,
i143686975,2025-04-05T10:51:36,"Frederiksberg - W14 Sat Long Run - 15km Long Run","Run",4772,12763.02,5122,79.6707,4.516,2.64,true,182,170,88.757164,814,true,,,,87.69354,107,,1,2.6745641,64.73576,42.602287,,,,,false,false,,,,,,,107,,54,182,153,162,171,181,186,191,200,177,328,1656,2571,37,0,0,,,,,,,,,58.0,false,false,false,5009,300,300,,,,,,,,2025-04-05T08:51:36Z,2026-04-28T12:43:20Z,,"fit","astroseirk@gmail.com_323631247577.fit",,,
i143686968,2025-04-04T16:00:17,"Frederiksberg - W14 Wed Tempo - Tempo 2-1 (5.5km","Run",1927,6023.94,2649,18.715042,4.759,3.043,true,195,173,84.969635,352,true,,,,91.990715,48,,8,3.1260717,58.245457,41.05061,,,,,false,false,,,,,,,48,,54,182,153,162,171,181,186,191,200,227,132,258,558,189,401,158,,,,,,,,,58.0,false,false,false,2042,300,300,35,186,,,,,,2025-04-04T14:00:17Z,2026-04-28T12:43:16Z,,"fit","astroseirk@gmail.com_323436236672.fit",,,
i143686954,2025-04-03T18:44:04,"Copenhagen - W14 Thu Easy Run #2 - 8km Easy R","Run",2723,7319.77,2849,49.848114,3.714,2.666,true,181,169,85.38558,466,true,,,,86.35893,59,,1,2.688127,59.8188,40.883163,,,,,false,false,,,,,,,59,,54,182,153,162,171,181,186,191,200,174,79,1243,1228,0,0,0,,,,,,,,,58.0,false,false,false,2848,300,300,,,,,,,,2025-04-03T16:44:04Z,2026-04-28T12:43:14Z,,"fit","astroseirk@gmail.com_323223398581.fit",,,
i143686941,2025-04-02T19:09:39,"Copenhagen Running","Run",3626,9680.76,4109,68.717316,3.807,2.654,true,174,161,86.02252,587,true,,,,80.84996,68,,1,2.669818,59.944542,40.446632,,,,,false,false,,,,,,,68,,54,182,153,162,171,181,186,191,200,522,1024,1923,161,0,0,0,,,,,,,,,58.0,false,false,false,3745,300,300,,,,,,,,2025-04-02T17:09:39Z,2026-04-28T12:43:12Z,,"fit","astroseirk@gmail.com_322991697195.fit",,,
i143686936,2025-03-29T14:51:42,"Frederiksberg Running","Run",953,1762.31,979,10.920598,2.547,1.83,true,174,151,74.27684,122,true,,,,74.30661,15,,1,1.8492236,90.11972,42.728294,,,,,false,false,,,,,,,15,,54,182,153,162,171,181,186,191,200,436,238,227,53,0,0,0,,,,,,,,,58.0,false,false,false,978,0,0,,,,,,,,2025-03-29T13:51:42Z,2026-04-28T12:43:09Z,,"fit","astroseirk@gmail.com_321965115071.fit",,,
i143686911,2025-03-29T11:29:58,"Frederiksberg - W13 Sat Long Run - 31km Long Run","Run",10438,30013.56,11852,156.92992,4.012,2.863,true,195,176,87.24277,1833,true,,,,93.90709,260,,8,2.875413,90.11972,42.728294,,,,,false,false,,,,,,,260,,54,182,153,162,171,181,186,191,200,230,719,1966,4913,1568,900,146,,,,,,,,,58.0,false,false,false,10614,300,300,12,185,,,,,,2025-03-29T10:29:58Z,2026-04-28T12:43:08Z,,"fit","astroseirk@gmail.com_321960881450.fit",,,
i143686898,2025-03-27T17:32:38,"Copenhagen - W13 Thu Easy Run - 12km Easy Run","Run",4200,10329.84,4363,67.192375,3.592,2.367,true,184,169,87.40714,700,true,,,,87.13695,92,,1,2.4594858,71.20793,38.02635,,,,,false,false,,,,,,,92,,54,182,153,162,171,181,186,191,200,191,303,1682,1959,59,0,0,,,,,,,,,58.0,false,false,false,4362,300,300,,,,,,,,2025-03-27T16:32:38Z,2026-04-28T12:43:01Z,,"fit","astroseirk@gmail.com_321527046838.fit",,,
i143686886,2025-03-26T14:55:58,"Copenhagen Running","Run",4226,10006.56,4415,59.740135,3.368,2.353,true,171,158,86.505135,622,true,,,,78.0771,73,,1,2.367856,68.015,36.72584,,,,,false,false,,,,,,,73,,54,182,153,162,171,181,186,191,200,1004,2118,1106,0,0,0,0,,,,,,,,,58.0,false,false,false,4311,300,300,,,,,,,,2025-03-26T13:55:58Z,2026-04-28T12:42:58Z,,"fit","astroseirk@gmail.com_321256443100.fit",,,
i143686861,2025-03-25T18:44:27,"Copenhagen Running","Run",5864,16012.15,6415,87.329765,4.983,2.688,true,186,169,87.415504,1006,true,,,,86.91895,129,,3,2.730585,67.24947,35.851807,,,,,false,false,,,,,,,129,,54,182,153,162,171,181,186,191,200,286,553,1940,3023,57,0,0,,,,,,,,,58.0,false,false,false,6147,300,300,11,186,,,,,,2025-03-25T17:44:27Z,2026-04-28T12:42:55Z,,"fit","astroseirk@gmail.com_321051721319.fit",,,
i143686847,2025-03-24T16:36:32,"Copenhagen - W13 Mon Intervals - Mile Up & Ov","Run",4387,12015.16,4618,82.8678,4.05,2.683,true,194,166,84.42597,737,true,,,,84.91816,91,,5,2.73881,57.76675,33.60738,,,,,false,false,,,,,,,91,,54,182,153,162,171,181,186,191,200,474,1821,813,492,237,456,94,,,,,,,,,58.0,false,false,false,4543,300,300,40,185,,,,,,2025-03-24T15:36:32Z,2026-04-28T12:42:51Z,,"fit","astroseirk@gmail.com_320776105040.fit",,,
i143686825,2025-03-22T10:35:53,"Frederiksberg - W12 Sat Long Run - 22km Race Pra","Run",7581,22019.8,8029,130.48059,3.555,2.896,true,189,177,86.771065,1348,true,,,,95.58545,194,,6,2.9046037,60.750526,33.000946,,,,,false,false,,,,,,,194,,54,182,153,162,171,181,186,191,200,118,144,1159,3315,2706,143,0,,,,,,,,,58.0,false,false,false,7644,300,300,,,,,,,,2025-03-22T09:35:53Z,2026-04-28T12:42:48Z,,"fit","astroseirk@gmail.com_320247586335.fit",,,
i143686814,2025-03-20T17:25:00,"Copenhagen - W12 Thu Easy Run - 10km Easy Run","Run",3589,9503.29,3902,69.23173,3.583,2.625,true,176,157,87.5263,579,true,,,,77.37651,62,,3,2.6478937,46.474907,29.82333,,,,,false,false,,,,,,,62,,54,182,153,162,171,181,186,191,200,694,1920,623,351,0,0,0,,,,,,,,,58.0,false,false,false,3728,300,300,,,,,,,,2025-03-20T16:25:00Z,2026-04-28T12:42:42Z,,"fit","astroseirk@gmail.com_319832950253.fit",,,
i143686797,2025-03-19T16:52:23,"Copenhagen Running","Run",3697,10071.59,4473,52.747063,3.91,2.703,true,190,166,83.57171,625,true,,,,86.18916,78,,4,2.72426,44.090797,29.048025,,,,,false,false,,,,,,,78,,54,182,153,162,171,181,186,191,200,529,604,1348,658,377,187,0,,,,,,,,,58.0,false,false,false,3780,300,300,49,184,,,,,,2025-03-19T15:52:23Z,2026-04-28T12:42:40Z,,"fit","astroseirk@gmail.com_319593253352.fit",,,
i143686793,2025-03-19T16:23:14,"Copenhagen Running","Run",1492,3452.97,1653,19.794731,4.012,2.278,true,163,146,87.19671,212,true,,,,68.19943,20,,1,2.314323,44.090797,29.048025,,,,,false,false,,,,,,,20,,54,182,153,162,171,181,186,191,200,1101,388,4,0,0,0,0,,,,,,,,,58.0,false,false,false,1548,300,300,,,,,,,,2025-03-19T15:23:14Z,2026-04-28T12:42:37Z,,"fit","astroseirk@gmail.com_319577067990.fit",,,
i143686781,2025-03-18T17:12:02,"Copenhagen Running","Run",2985,8006.09,3057,53.514225,4.852,2.67,true,176,163,85.822365,493,true,,,,83.343315,58,,1,2.6821072,35.81223,27.386612,,,,,false,false,,,,,,,58,,54,182,153,162,171,181,186,191,200,146,454,2369,16,0,0,0,,,,,,,,,58.0,false,false,false,3006,300,300,,,,,,,,2025-03-18T16:12:02Z,2026-04-28T12:42:35Z,,"fit","astroseirk@gmail.com_319343341346.fit",,,
i143686758,2025-03-17T16:39:29,"Copenhagen Running","Run",5764,15023.58,6149,69.438515,3.611,2.592,true,181,163,86.69948,930,true,,,,82.64434,113,,3,2.6064503,32.404964,26.648975,,,,,false,false,,,,,,,113,,54,182,153,162,171,181,186,191,200,1242,828,2154,1537,0,0,0,,,,,,,,,58.0,false,false,false,5956,300,300,,,,,,,,2025-03-17T15:39:29Z,2026-04-28T12:42:32Z,,"fit","astroseirk@gmail.com_319111343098.fit",,,
i143686756,2025-03-14T07:39:54,"Strength","WeightTraining",5121,,5121,,,0.0,true,162,116,,414,,,,,51.005516,37,,,,26.652018,25.76655,,,,,false,false,,,,,,,37,,54,182,153,162,171,181,186,191,200,4976,146,0,0,0,0,0,,,,,,,,,58.0,false,false,false,5120,1200,600,,,,,,,,2025-03-14T06:39:54Z,2026-04-28T12:42:28Z,,"fit","astroseirk@gmail.com_318326611709.fit",,,
i143686746,2025-03-12T15:33:07,"Frederiksberg Running","Run",2745,7948.78,3151,29.794817,3.676,2.865,true,188,168,87.484695,475,true,,,,86.027306,59,,2,2.8957303,28.911718,27.023212,,,,,false,false,,,,,,,59,,54,182,153,162,171,181,186,191,200,338,237,1158,624,333,58,0,,,,,,,,,58.0,false,false,false,2870,300,300,,,,,,,,2025-03-12T14:33:07Z,2026-04-28T12:42:28Z,,"fit","astroseirk@gmail.com_317941217154.fit",,,
i143686736,2025-03-07T16:35:03,"Copenhagen - W10 Wed Tempo - Tempo 5km (11km)","Run",3570,10503.44,4419,63.699852,4.068,2.922,true,187,166,87.33183,608,true,,,,85.77265,75,,6,2.94214,43.014755,28.875916,,,,,false,false,,,,,,,75,,54,182,153,162,171,181,186,191,200,380,590,1070,1279,252,3,0,,,,,,,,,58.0,false,false,false,3670,300,300,,,,,,,,2025-03-07T15:35:03Z,2026-04-28T12:42:25Z,,"fit","astroseirk@gmail.com_316752507342.fit",,,
i143686719,2025-03-05T17:39:03,"Copenhagen Running","Run",3641,9131.87,3767,56.213974,3.032,2.49,true,184,170,88.19241,600,true,,,,87.83493,80,,2,2.5080664,43.954216,28.433538,,,,,false,false,,,,,,,80,,54,182,153,162,171,181,186,191,200,125,440,1271,1653,151,0,0,,,,,,,,,58.0,false,false,false,3733,300,300,,,,,,,,2025-03-05T16:39:03Z,2026-04-28T12:42:22Z,,"fit","astroseirk@gmail.com_316292563068.fit",,,
i143686710,2025-03-04T17:51:26,"Copenhagen - W10 Mon Intervals - 1km Repeats","Run",3053,8677.13,3203,60.34352,4.217,2.819,true,194,174,82.11751,539,true,,,,93.29556,75,,8,2.842165,38.418846,27.191032,,,,,false,false,,,,,,,75,,54,182,153,162,171,181,186,191,200,247,216,651,1026,392,370,153,,,,,,,,,58.0,false,false,false,3102,300,300,32,185,,,,,,2025-03-04T16:51:26Z,2026-04-28T12:42:20Z,,"fit","astroseirk@gmail.com_316058683139.fit",,,
i143686691,2025-02-28T08:55:38,"Amsterdam Running","Run",2677,7003.16,3350,45.048664,3.77,2.505,true,178,159,88.270775,444,true,,,,76.74354,48,,1,2.6160479,50.352005,27.967031,,,,,false,false,,,,,,,48,,54,182,153,162,171,181,186,191,200,572,858,1091,157,0,0,0,,,,,,,,,58.0,false,false,false,2934,300,300,,,,,,,,2025-02-28T07:55:38Z,2026-04-28T12:42:17Z,,"fit","astroseirk@gmail.com_315048652761.fit",,,
i143686681,2025-02-26T16:56:04,"Frederiksberg - W9 Wed Tempo - Progressive Run (","Run",3058,9104.89,3733,52.057693,4.208,2.938,true,192,169,86.06998,525,true,,,,87.07063,68,,7,2.9774,58.50096,28.146574,,,,,false,false,,,,,,,68,,54,182,153,162,171,181,186,191,200,320,422,781,1091,316,132,0,,,,,,,,,58.0,false,false,false,3229,300,300,12,189,,,,,,2025-02-26T15:56:04Z,2026-04-28T12:42:14Z,,"fit","astroseirk@gmail.com_314669448214.fit",,,
i143686670,2025-02-24T17:29:56,"Copenhagen - W9 Mon Intervals - Mile Repeats","Run",2489,7070.73,2803,41.74685,3.826,2.824,true,188,168,84.43008,416,true,,,,86.78353,55,,4,2.8407915,65.80193,27.841356,,,,,false,false,,,,,,,55,,54,182,153,162,171,181,186,191,200,385,251,746,599,462,53,0,,,,,,,,,58.0,false,false,false,2629,300,300,40,183,,,,,,2025-02-24T16:29:56Z,2026-04-28T12:42:11Z,,"fit","astroseirk@gmail.com_314206118229.fit",,,
i143686667,2025-02-23T11:48:01,"Strength","WeightTraining",3835,,3835,,,0.0,true,160,117,,306,,,,,51.274826,28,,,,67.46073,27.186962,,,,,false,false,,,,,,,28,,54,182,153,162,171,181,186,191,200,3698,138,0,0,0,0,0,,,,,,,,,58.0,false,false,false,3834,1200,600,,,,,,,,2025-02-23T10:48:01Z,2026-04-28T12:42:08Z,,"fit","astroseirk@gmail.com_313922314805.fit",,,
i143686651,2025-02-22T11:40:44,"Frederiksberg - W8 Sat Long Run - 23km Race Prac","Run",7817,22011.43,10107,134.37648,5.477,2.798,true,191,176,88.0761,1362,true,,,,94.26915,198,,9,2.815841,73.520515,27.84204,,,,,false,false,,,,,,,198,,54,182,153,162,171,181,186,191,200,338,391,569,4032,2244,247,0,,,,,,,,,58.0,false,false,false,8021,300,300,15,186,,,,,,2025-02-22T10:40:44Z,2026-04-28T12:42:08Z,,"fit","astroseirk@gmail.com_313702466959.fit",,,
i143686630,2025-02-20T17:13:30,"Copenhagen - W8 Wed Tempo - Tempo 1200s (11km","Run",3451,10343.54,3887,73.1971,4.022,2.968,true,190,172,87.08438,604,true,,,,90.10017,81,,6,2.9972587,62.759502,24.314112,,,,,false,false,,,,,,,81,,54,182,153,162,171,181,186,191,200,472,148,427,1713,500,190,0,,,,,,,,,58.0,false,false,false,3592,300,300,16,188,,,,,,2025-02-20T16:13:30Z,2026-04-28T12:42:03Z,,"fit","astroseirk@gmail.com_313290013470.fit",,,
i143686623,2025-02-19T16:18:45,"Copenhagen Running","Run",4133,11170.7,4216,59.62467,3.518,2.689,true,183,174,88.00994,712,true,,,,92.41713,100,,4,2.7028067,59.9584,22.948252,,,,,false,false,,,,,,,100,,54,182,153,162,171,181,186,191,200,112,25,354,3605,41,0,0,,,,,,,,,58.0,false,false,false,4215,300,300,,,,,,,,2025-02-19T15:18:45Z,2026-04-28T12:42:00Z,,"fit","astroseirk@gmail.com_313039620711.fit",,,
i143686619,2025-02-18T17:14:48,"Strength","WeightTraining",4462,,4462,,,0.0,true,189,131,,423,,,,,61.593197,47,,,,53.809414,21.091671,,,,,false,false,,,,,,,47,,54,182,153,162,171,181,186,191,200,3779,167,170,222,112,13,0,,,,,,,,,58.0,false,false,false,4460,1200,600,33,184,,,,,,2025-02-18T16:14:48Z,2026-04-28T12:41:57Z,,"fit","astroseirk@gmail.com_313039617723.fit",,,
i143686612,2025-02-17T18:09:29,"W8 Mon Intervals - 400m Repeats","VirtualRun",1495,6530.0,2132,,4.516,3.147,true,193,177,80.85235,372,true,,,,75.78774,34,,7,4.3678927,54.855103,21.59988,,,,true,false,false,,,,,,,34,,54,182,153,162,171,181,186,191,200,5,61,256,422,249,318,0,,,,,,,,,58.0,false,false,false,2131,300,300,26,182,,,,,,2025-02-17T17:09:29Z,2026-04-28T12:41:56Z,,"fit","astroseirk@gmail.com_312584271359.fit",,,
i143686608,2025-02-17T17:04:53,"Strength","WeightTraining",3660,,3660,,,0.0,true,191,151,,500,,,,,76.210495,59,,,,54.855103,21.59988,,,,,false,false,,,,,,,59,,54,182,153,162,171,181,186,191,200,1980,704,390,171,249,167,0,,,,,,,,,58.0,false,false,false,3657,1200,600,32,185,,,,,,2025-02-17T16:04:53Z,2026-04-28T12:41:54Z,,"fit","astroseirk@gmail.com_312577121348.fit",,,
i143686579,2025-02-16T11:02:22,"Frederiksberg - W7 Sat Long Run - Half Marathon","Run",8081,21109.89,8848,122.30555,4.535,2.587,true,186,168,88.8252,1326,true,,,,85.699036,172,,1,2.6122868,48.997383,21.301096,,,,,false,false,,,,,,,172,,54,182,153,162,171,181,186,191,200,353,1034,4323,2062,314,0,0,,,,,,,,,58.0,false,false,false,8431,300,300,12,182,,,,,,2025-02-16T10:02:22Z,2026-04-28T12:41:54Z,,"fit","astroseirk@gmail.com_312301658298.fit",,,
i143686566,2025-02-13T07:39:04,"Frederiksberg - W7 Thu Easy Run - 9km Easy Run (","Run",3178,8026.29,3191,46.640923,3.658,2.515,true,172,164,90.1016,505,true,,,,83.64727,62,,1,2.525579,40.06573,18.531755,,,,,false,false,,,,,,,62,,54,182,153,162,171,181,186,191,200,96,458,2613,11,0,0,0,,,,,,,,,58.0,false,false,false,3190,300,300,,,,,,,,2025-02-13T06:39:04Z,2026-04-28T12:41:48Z,,"fit","astroseirk@gmail.com_311570934182.fit",,,
i143686561,2025-02-11T17:06:36,"Strength","WeightTraining",4700,,4700,,,0.0,true,192,121,,399,,,,,58.06589,44,,,,42.332832,17.905668,,,,,false,false,,,,,,,44,,54,182,153,162,171,181,186,191,200,3925,159,75,390,97,52,3,,,,,,,,,58.0,false,false,false,4698,1200,600,15,192,,,,,,2025-02-11T16:06:36Z,2026-04-28T12:41:45Z,,"fit","astroseirk@gmail.com_311207153359.fit",,,
i143686554,2025-02-10T17:55:44,"Frederiksberg - W7 Mon Tempo - Tempo 2km Repeats","Run",2628,7461.24,3406,39.44924,3.928,2.573,true,186,160,86.78923,459,true,,,,77.78445,50,,1,2.8391325,42.076813,18.337109,,,,,false,false,,,,,,,50,,54,182,153,162,171,181,186,191,200,502,617,805,625,75,0,0,,,,,,,,,58.0,false,false,false,2975,300,300,45,182,,,,,,2025-02-10T16:55:44Z,2026-04-28T12:41:45Z,,"fit","astroseirk@gmail.com_310979653957.fit",,,
i143686538,2025-02-08T10:10:18,"Frederiksberg - W6 Sat Long Run - 19km Long Run","Run",7094,19087.56,7375,99.36688,4.143,2.68,true,183,168,87.50085,1171,true,,,,86.71027,151,,8,2.6906626,47.13477,17.997639,,,,,false,false,,,,,,,151,,54,182,153,162,171,181,186,191,200,246,901,3971,1822,154,0,0,,,,,,,,,58.0,false,false,false,7230,300,300,,,,,,,,2025-02-08T09:10:18Z,2026-04-28T12:41:43Z,,"fit","astroseirk@gmail.com_310455315369.fit",,,
i143686536,2025-02-06T17:06:57,"Strength","WeightTraining",8234,,8234,,,0.0,true,189,123,,652,,,,,56.11999,72,,,,35.973587,15.149355,,,,,false,false,,,,,,,72,,54,182,153,162,171,181,186,191,200,7398,249,376,116,84,12,0,,,,,,,,,58.0,false,false,false,8230,1200,600,11,183,,,,,,2025-02-06T16:06:57Z,2026-04-28T12:41:38Z,,"fit","astroseirk@gmail.com_310075034293.fit",,,
i143686526,2025-02-05T17:07:56,"Copenhagen Running","Run",3854,10229.49,4387,61.177208,3.798,2.608,true,184,172,87.83964,672,true,,,,90.81704,91,,1,2.6542528,30.44119,15.514382,,,,,false,false,,,,,,,91,,54,182,153,162,171,181,186,191,200,325,220,414,2581,312,0,0,,,,,,,,,58.0,false,false,false,3972,300,300,,,,,,,,2025-02-05T16:07:56Z,2026-04-28T12:41:37Z,,"fit","astroseirk@gmail.com_309835334656.fit",,,
i143686521,2025-02-04T17:05:23,"Strength","WeightTraining",5393,,5393,,,0.0,true,191,133,,529,,,,,63.33946,60,,,,21.141478,13.6955385,,,,,false,false,,,,,,,60,,54,182,153,162,171,181,186,191,200,4220,229,327,513,89,16,0,,,,,,,,,58.0,false,false,false,5384,1200,600,22,187,,,,,,2025-02-04T16:05:23Z,2026-04-28T12:41:34Z,,"fit","astroseirk@gmail.com_309603829449.fit",,,
i143686505,2025-02-03T17:24:44,"Copenhagen - W6 Mon Intervals - Drop Set (6.5","Run",2948,8052.35,3550,57.688774,4.441,2.59,true,190,164,81.84511,493,true,,,,82.350525,59,,8,2.731462,15.17417,14.025536,,,,,false,false,,,,,,,59,,54,182,153,162,171,181,186,191,200,380,384,1457,642,42,31,0,,,,,,,,,58.0,false,false,false,3132,300,300,42,189,,,,,,2025-02-03T16:24:44Z,2026-04-28T12:41:33Z,,"fit","astroseirk@gmail.com_309366786702.fit",,,
i143686496,2025-01-26T15:34:22,"Frederiksberg Running","Run",2365,7010.29,3181,33.237637,4.208,2.916,true,194,176,87.5664,413,true,,,,93.0004,61,,1,2.964182,22.953327,15.289008,,,,,false,false,,,,,,,61,,54,182,153,162,171,181,186,191,200,140,110,259,830,648,345,32,,,,,,,,,58.5,false,false,false,2539,300,300,12,194,,,,,,2025-01-26T14:34:22Z,2026-04-28T12:41:29Z,,"fit","astroseirk@gmail.com_307498056441.fit",,,
i143686494,2025-01-23T17:49:13,"Strength","WeightTraining",5529,,5529,,,0.0,true,186,129,,453,,,,,63.0278,61,,,,22.769405,14.879535,,,,,false,false,,,,,,,61,,54,182,153,162,171,181,186,191,200,4234,227,228,605,236,0,0,,,,,,,,,58.5,false,false,false,5528,1200,600,46,184,,,,,,2025-01-23T16:49:13Z,2026-04-28T12:41:27Z,,"fit","astroseirk@gmail.com_306842909782.fit",,,
i143686484,2025-01-22T17:07:19,"Copenhagen - W4 Wed Tempo - Rolling 300s (5km","Run",1752,5078.54,2093,33.948742,4.115,2.845,true,195,180,86.59402,311,true,,,,94.13574,48,,7,2.89871,16.898523,15.238061,,,,,false,false,,,,,,,48,,54,182,153,162,171,181,186,191,200,48,19,121,660,513,246,145,,,,,,,,,58.5,false,false,false,1950,300,300,,,,,,,,2025-01-22T16:07:19Z,2026-04-28T12:41:27Z,,"fit","astroseirk@gmail.com_306596193574.fit",,,
i143686476,2025-01-20T18:11:47,"Frederiksberg - W4 Mon Intervals - 800m into 400","Run",1850,5067.01,2149,22.380047,4.591,2.634,true,197,173,78.9075,320,true,,,,90.11271,45,,7,2.7389243,13.984006,14.796798,,,,,false,false,,,,,,,45,,54,182,153,162,171,181,186,191,200,288,204,286,419,175,184,291,,,,,,,,,58.5,false,false,false,1995,300,300,43,182,,,,,,2025-01-20T17:11:47Z,2026-04-28T12:41:24Z,,"fit","astroseirk@gmail.com_306146624777.fit",,,
i143686464,2025-01-19T17:33:46,"Frederiksberg Running","Run",1859,5016.9,2060,24.883991,4.423,2.657,true,188,171,87.25612,311,true,,,,89.41962,43,,3,2.698709,9.221035,14.069044,,,,,false,false,,,,,,,43,,54,182,153,162,171,181,186,191,200,119,192,520,508,499,25,0,,,,,,,,,58.5,false,false,false,1936,300,300,,,,,,,,2025-01-19T16:33:46Z,2026-04-28T12:41:22Z,,"fit","astroseirk@gmail.com_305919531168.fit",,,
i143686462,2025-01-02T13:50:20,"W1 Sat Long Run - 13km Progressi","VirtualRun",3911,11631.24,4646,,3.816,2.875,true,199,174,85.9547,708,true,,,,92.28799,97,,6,2.9739811,39.662865,19.572226,,,,true,false,false,,,,,,,97,,54,182,153,162,171,181,186,191,200,670,587,395,186,438,925,648,,,,,,,,,58.5,false,false,false,4100,300,300,11,198,,,,,,2025-01-02T12:50:20Z,2026-04-28T12:41:20Z,,"fit","astroseirk@gmail.com_301998410874.fit",,,
i143686458,2025-01-01T13:54:24,"Strength","WeightTraining",4759,,4759,,,0.0,true,165,120,,372,,,,,52.91026,37,,,,30.857887,17.706585,,,,,false,false,,,,,,,37,,54,182,153,162,171,181,186,191,200,4634,114,12,0,0,0,0,,,,,,,,,58.5,false,false,false,4758,1200,600,,,,,,,,2025-01-01T12:54:24Z,2026-04-28T12:41:20Z,,"fit","astroseirk@gmail.com_301779157559.fit",,,
i143686450,2025-01-01T13:23:38,"Treadmill Running","VirtualRun",1582,4550.0,1656,,3.91,2.747,true,181,158,86.34387,260,true,,,,78.04252,28,,1,2.8761063,30.857887,17.706585,,,,true,false,false,,,,,,,28,,54,182,153,162,171,181,186,191,200,469,362,425,302,0,0,0,,,,,,,,,58.5,false,false,false,1655,300,300,,,,,,,,2025-01-01T12:23:38Z,2026-04-28T12:41:19Z,,"fit","astroseirk@gmail.com_301766176563.fit",,,
i143686445,2024-12-31T13:55:13,"Treadmill Running","VirtualRun",1458,4353.42,1711,,4.628,2.667,true,181,158,82.483894,250,true,,,,74.30661,25,,1,2.9858847,25.614855,17.458563,,,,true,false,false,,,,,,,25,,54,182,153,162,171,181,186,191,200,387,428,243,319,0,0,0,,,,,,,,,58.5,false,false,false,1630,300,300,,,,,,,,2024-12-31T12:55:13Z,2026-04-28T12:41:18Z,,"fit","astroseirk@gmail.com_301563102306.fit",,,
i143686440,2024-12-31T12:56:19,"Strength","WeightTraining",2644,,2644,,,0.0,true,155,118,,211,,,,,50.872078,19,,,,25.614855,17.458563,,,,,false,false,,,,,,,19,,54,182,153,162,171,181,186,191,200,2639,6,0,0,0,0,0,,,,,,,,,58.5,false,false,false,2643,0,0,,,,,,,,2024-12-31T11:56:19Z,2026-04-28T12:41:17Z,,"fit","astroseirk@gmail.com_301557268733.fit",,,
i143686436,2024-12-28T13:58:57,"Treadmill Running","VirtualRun",3801,12155.19,4471,,4.581,2.727,true,198,158,84.433304,657,true,,,,72.35261,65,,1,3.1978927,30.328981,18.119461,,,,true,false,false,,,,,,,65,,54,182,153,162,171,181,186,191,200,2231,649,121,166,105,160,263,,,,,,,,,58.5,false,false,false,4470,300,300,35,190,,,,,,2024-12-28T12:58:57Z,2026-04-28T12:41:17Z,,"fit","astroseirk@gmail.com_300911772913.fit",,,
i143686430,2024-12-27T13:17:50,"Cardio","Workout",2204,,2204,,,0.0,true,186,152,,297,,,,,75.67875,35,,,,25.004726,16.989864,,,,,false,false,,,,,,,35,,54,182,153,162,171,181,186,191,200,1079,402,549,155,20,0,0,,,,,,,,,58.5,false,false,false,2200,0,0,34,182,,,,,,2024-12-27T12:17:50Z,2026-04-28T12:41:16Z,,"fit","astroseirk@gmail.com_300679948857.fit",,,
i143686428,2024-12-26T13:25:51,"Strength","WeightTraining",2443,,2443,,,0.0,true,174,150,,329,,,,,72.92471,36,,,,23.469803,17.399239,,,,,false,false,,,,,,,36,,54,182,153,162,171,181,186,191,200,1454,639,346,5,0,0,0,,,,,,,,,58.5,false,false,false,2437,0,0,,,,,,,,2024-12-26T12:25:51Z,2026-04-28T12:41:15Z,,"fit","astroseirk@gmail.com_300467516195.fit",,,
i143686425,2024-12-26T12:48:02,"Treadmill Running","VirtualRun",1736,5900.0,2156,,3.499,3.168,true,198,174,84.88184,323,true,,,,93.300575,45,,6,3.3986175,23.469803,17.399239,,,,true,false,false,,,,,,,45,,54,182,153,162,171,181,186,191,200,162,44,102,456,363,416,169,,,,,,,,,58.5,false,false,false,1861,300,300,,,,,,,,2024-12-26T11:48:02Z,2026-04-28T12:41:15Z,,"fit","astroseirk@gmail.com_300460395543.fit",,,
i143686420,2024-12-24T15:30:47,"Cardio","Workout",3955,,3955,,,0.0,true,177,144,,471,,,,,70.18909,54,,,,16.882631,17.137405,,,,,false,false,,,,,,,54,,54,182,153,162,171,181,186,191,200,2845,907,162,42,0,0,0,,,,,,,,,58.5,false,false,false,3946,1200,600,,,,,,,,2024-12-24T14:30:47Z,2026-04-28T12:41:14Z,,"fit","astroseirk@gmail.com_300088195787.fit",,,
i143686418,2024-12-24T14:59:02,"Strength","WeightTraining",1848,,1848,,,0.0,true,157,121,,159,,,,,52.25158,14,,,,16.882631,17.137405,,,,,false,false,,,,,,,14,,54,182,153,162,171,181,186,191,200,1827,22,0,0,0,0,0,,,,,,,,,58.5,false,false,false,1846,0,0,,,,,,,,2024-12-24T13:59:02Z,2026-04-28T12:41:13Z,,"fit","astroseirk@gmail.com_300077832762.fit",,,
i143686416,2024-12-21T13:22:13,"Strength","WeightTraining",5226,,5226,,,0.0,true,181,130,,460,,,,,59.862015,52,,,,12.020048,18.406284,,,,,false,false,,,,,,,52,,54,182,153,162,171,181,186,191,200,4539,273,225,190,0,0,0,,,,,,,,,58.5,false,false,false,5224,1200,600,,,,,,,,2024-12-21T12:22:13Z,2026-04-28T12:41:12Z,,"fit","astroseirk@gmail.com_299460901376.fit",,,
i143686413,2024-12-19T18:15:20,"Treadmill Running","VirtualRun",2320,6090.0,2570,,2.799,2.57,true,180,153,85.61266,351,true,,,,73.99517,36,,1,2.625,6.7835703,19.303978,,,,true,false,false,,,,,,,36,,54,182,153,162,171,181,186,191,200,1239,519,287,234,0,0,0,,,,,,,,,58.5,false,false,false,2367,300,300,,,,,,,,2024-12-19T17:15:20Z,2026-04-28T12:41:11Z,,"fit","astroseirk@gmail.com_299086752887.fit",,,
i143686396,2024-11-30T10:24:10,"Frederiksberg - W5 Wed Tempo - Rolling 400s (12k","Run",1435,4594.6,1595,29.591736,4.022,3.177,true,191,172,87.39494,251,true,,,,92.23755,35,,1,3.201812,30.054445,29.01528,,,,,false,false,,,,,,,35,,54,182,153,162,171,181,186,191,200,302,5,56,328,542,204,0,,,,,,,,,58.5,false,false,false,1481,300,300,,,,,,,,2024-11-30T09:24:10Z,2026-04-28T12:41:11Z,,"fit","astroseirk@gmail.com_295067160719.fit",,,
i143686392,2024-11-30T09:59:14,"Copenhagen Running","Run",822,2232.34,1202,9.864405,3.098,2.689,true,176,162,87.48112,134,true,,,,81.98244,16,,1,2.715742,30.054445,29.01528,,,,,false,false,,,,,,,16,,54,182,153,162,171,181,186,191,200,117,118,421,159,0,0,0,,,,,,,,,58.5,false,false,false,857,300,300,,,,,,,,2024-11-30T08:59:14Z,2026-04-28T12:41:07Z,,"fit","astroseirk@gmail.com_295062318862.fit",,,
i143686385,2024-11-27T16:50:24,"Copenhagen Running","Run",3077,6659.78,3430,41.016323,3.415,2.15,true,163,146,88.32709,389,true,,,,68.38718,41,,1,2.1643744,35.713577,29.87482,,,,,false,false,,,,,,,41,,54,182,153,162,171,181,186,191,200,2518,545,8,0,0,0,0,,,,,,,,,58.5,false,false,false,3156,300,300,,,,,,,,2024-11-27T15:50:24Z,2026-04-28T12:41:06Z,,"fit","astroseirk@gmail.com_294516954644.fit",,,
i143686372,2024-11-26T16:51:27,"Copenhagen Running","Run",3942,10082.82,4154,70.296394,3.592,2.544,true,177,166,88.46907,623,true,,,,85.03146,81,,1,2.5577931,34.901768,29.606756,,,,,false,false,,,,,,,81,,54,182,153,162,171,181,186,191,200,393,442,2003,1107,0,0,0,,,,,,,,,58.5,false,false,false,4033,300,300,,,,,,,,2024-11-26T15:51:27Z,2026-04-28T12:41:03Z,,"fit","astroseirk@gmail.com_294448578237.fit",,,
i143686369,2024-11-24T17:01:26,"Indoor Cycling","VirtualRide",3612,,3648,,,0.0,true,146,131,,357,,,,,58.926567,34,,1,,32.095287,29.051968,,,,true,false,false,,250,,,,,34,,54,182,146,162,170,181,186,191,200,3497,0,0,0,0,0,0,,,,,,,,,58.5,false,false,false,3525,1200,600,,,,,,,,2024-11-24T16:01:26Z,2026-04-28T12:41:00Z,,"fit","astroseirk@gmail.com_293895550684.fit",,,
i143686358,2024-11-20T16:18:17,"Copenhagen Running","Run",3900,10037.38,4419,44.992935,4.283,2.557,true,185,163,87.47486,623,true,,,,82.895065,77,,1,2.573687,48.819283,31.074966,,,,,false,false,,,,,,,77,,54,182,153,162,171,181,186,191,200,818,843,802,1199,239,0,0,,,,,,,,,58.5,false,false,false,4034,300,300,,,,,,,,2024-11-20T15:18:17Z,2026-04-28T12:41:00Z,,"fit","astroseirk@gmail.com_293052822925.fit",,,
i143686350,2024-11-19T17:11:08,"Copenhagen Running","Run",3128,8766.04,3487,62.779392,4.236,2.621,true,193,169,87.129524,554,true,,,,86.33317,70,,1,2.8024426,44.49171,29.968391,,,,,false,false,,,,,,,70,,54,182,153,162,171,181,186,191,200,406,421,458,1520,232,86,0,,,,,,,,,58.5,false,false,false,3381,300,300,12,191,,,,,,2024-11-19T16:11:08Z,2026-04-28T12:40:57Z,,"fit","astroseirk@gmail.com_292841707589.fit",,,
i143686329,2024-11-17T11:38:50,"Copenhagen Running","Run",7593,20440.63,7865,123.80844,3.359,2.681,true,186,176,88.17937,1308,true,,,,94.186584,191,,4,2.6920362,46.80536,29.702675,,,,,false,false,,,,,,,191,,54,182,153,162,171,181,186,191,200,97,119,704,5362,1306,0,0,,,,,,,,,58.5,false,false,false,7751,300,300,13,186,,,,,,2024-11-17T10:38:50Z,2026-04-28T12:40:54Z,,"fit","astroseirk@gmail.com_292382180949.fit",,,
i143686327,2024-11-15T18:11:30,"Cardio","Workout",3475,,3475,,,0.0,true,191,146,,457,,,,,76.1891,56,,,,28.449345,26.438225,,,,,false,false,,,,,,,56,,54,182,153,162,171,181,186,191,200,1726,504,338,424,381,103,0,,,,,,,,,58.5,false,false,false,3473,0,0,24,182,,,,,,2024-11-15T17:11:30Z,2026-04-28T12:40:49Z,,"fit","astroseirk@gmail.com_292040104593.fit",,,
i143686321,2024-11-14T17:51:38,"Strength","WeightTraining",2795,,2795,,,0.0,true,170,114,,214,,,,,49.47831,19,,,,24.218529,27.07526,,,,,false,false,,,,,,,19,,54,182,153,162,171,181,186,191,200,2636,97,63,0,0,0,0,,,,,,,,,58.5,false,false,false,2794,0,0,,,,,,,,2024-11-14T16:51:38Z,2026-04-28T12:40:49Z,,"fit","astroseirk@gmail.com_291796750484.fit",,,
i143686309,2024-11-13T16:22:34,"Copenhagen Running","Run",3736,10064.44,4259,55.960876,4.087,2.658,true,198,166,87.08189,615,true,,,,84.81094,81,,7,2.693908,25.019913,27.727644,,,,,false,false,,,,,,,81,,54,182,153,162,171,181,186,191,200,1439,817,110,82,176,280,832,,,,,,,,,58.5,false,false,false,4054,300,300,,,,,,,,2024-11-13T15:22:34Z,2026-04-28T12:40:48Z,,"fit","astroseirk@gmail.com_291581841930.fit",,,
i143686304,2024-11-07T19:59:09,"Copenhagen Running","Run",1559,5013.41,1981,12.334598,4.619,3.179,true,193,178,89.99935,287,true,,,,97.82443,42,,4,3.2157857,33.54838,29.787184,,,,,false,false,,,,,,,42,,54,182,153,162,171,181,186,191,200,65,67,99,410,708,168,33,,,,,,,,,58.5,false,false,false,1580,300,300,,,,,,,,2024-11-07T18:59:09Z,2026-04-28T12:40:45Z,,"fit","astroseirk@gmail.com_290349017937.fit",,,
i143686290,2024-11-06T16:30:29,"Copenhagen Running","Run",3621,9358.33,3665,40.763756,3.415,2.578,true,184,163,87.250206,588,true,,,,83.30808,70,,4,2.58446,32.25051,29.492912,,,,,false,false,,,,,,,70,,54,182,153,162,171,181,186,191,200,230,712,2536,110,24,0,0,,,,,,,,,58.5,false,false,false,3631,300,300,16,184,,,,,,2024-11-06T15:30:29Z,2026-04-28T12:40:43Z,,"fit","astroseirk@gmail.com_290120010756.fit",,,
i143686281,2024-11-04T16:25:14,"Copenhagen Running","Run",3700,8761.8,4050,39.55359,4.413,2.346,true,167,143,87.359146,514,true,,,,67.283844,48,,1,2.368054,30.515846,29.204004,,,,,false,false,,,,,,,48,,54,182,153,162,171,181,186,191,200,2859,620,221,0,0,0,0,,,,,,,,,58.5,false,false,false,3817,300,300,,,,,,,,2024-11-04T15:25:14Z,2026-04-28T12:40:41Z,,"fit","astroseirk@gmail.com_289699193144.fit",,,
i143686270,2024-10-31T13:23:15,"Copenhagen - W4 Wed Intervals - Pyramid Set (","Run",2781,7773.34,2966,40.581974,4.404,2.711,true,194,173,81.457214,496,true,,,,90.91719,67,,5,2.79516,42.72217,30.879883,,,,,false,false,,,,,,,67,,54,182,153,162,171,181,186,191,200,176,221,774,683,566,302,53,,,,,,,,,58.5,false,false,false,2918,300,300,39,190,,,,,,2024-10-31T12:23:15Z,2026-04-28T12:40:38Z,,"fit","astroseirk@gmail.com_288803502070.fit",,,
i143686258,2024-10-30T16:15:38,"Copenhagen Running","Run",3351,8612.83,3856,39.627083,4.18,2.549,true,181,160,86.78361,529,true,,,,81.13849,63,,1,2.570227,38.993946,30.00956,,,,,false,false,,,,,,,63,,54,182,153,162,171,181,186,191,200,844,559,1134,811,0,0,0,,,,,,,,,58.5,false,false,false,3445,300,300,,,,,,,,2024-10-30T15:15:38Z,2026-04-28T12:40:36Z,,"fit","astroseirk@gmail.com_288619332209.fit",,,
i143686255,2024-10-29T16:43:23,"Strength","WeightTraining",3184,,3184,,,0.0,true,163,119,,267,,,,,51.00313,23,,,,35.307457,29.214647,,,,,false,false,,,,,,,23,,54,182,153,162,171,181,186,191,200,3074,106,5,0,0,0,0,,,,,,,,,58.5,false,false,false,3183,0,0,,,,,,,,2024-10-29T15:43:23Z,2026-04-28T12:40:32Z,,"fit","astroseirk@gmail.com_288407496844.fit",,,
i143686242,2024-10-28T16:57:35,"Copenhagen - W3 Mon Easy Run - 11km Easy Run","Run",2954,8047.32,3118,39.800846,3.807,2.69,true,186,172,87.24399,509,true,,,,90.08327,69,,5,2.7242112,37.197453,29.918581,,,,,false,false,,,,,,,69,,54,182,153,162,171,181,186,191,200,178,166,667,1538,407,0,0,,,,,,,,,58.5,false,false,false,3061,300,300,,,,,,,,2024-10-28T15:57:35Z,2026-04-28T12:40:31Z,,"fit","astroseirk@gmail.com_288194984176.fit",,,
i143686240,2024-10-27T18:39:40,"Strength","WeightTraining",3216,,3216,,,0.0,true,183,133,,310,,,,,62.612686,35,,,,32.313694,28.976906,,,,,false,false,,,,,,,35,,54,182,153,162,171,181,186,191,200,2494,331,205,177,10,0,0,,,,,,,,,58.5,false,false,false,3214,0,0,,,,,,,,2024-10-27T17:39:40Z,2026-04-28T12:40:29Z,,"fit","astroseirk@gmail.com_287996855293.fit",,,
i143686229,2024-10-26T13:06:10,"Copenhagen - W3 Wed Intervals - Pyramid Inter","Run",4207,11058.45,4398,52.328403,4.171,2.603,true,190,168,81.258385,696,true,,,,87.44824,92,,7,2.6285834,31.90117,29.675112,,,,,false,false,,,,,,,92,,54,182,153,162,171,181,186,191,200,594,591,912,1316,743,40,0,,,,,,,,,58.5,false,false,false,4331,300,300,41,185,,,,,,2024-10-26T11:06:10Z,2026-04-28T12:40:28Z,,"fit","astroseirk@gmail.com_287705074673.fit",,,
i143686224,2024-10-23T07:54:46,"Treadmill Running","VirtualRun",1882,5020.0,2185,,3.704,2.579,true,187,156,88.092354,303,true,,,,76.96024,32,,1,2.667375,30.170033,29.547426,,,,true,false,false,,,,,,,32,,54,182,153,162,171,181,186,191,200,906,499,161,167,112,9,0,,,,,,,,,58.5,false,false,false,1945,300,300,,,,,,,,2024-10-23T06:54:46Z,2026-04-28T12:40:25Z,,"fit","astroseirk@gmail.com_287035735254.fit",,,
i143686218,2024-10-21T16:54:41,"Treadmill Running","VirtualRun",1634,5000.0,1776,,5.067,2.906,true,188,165,84.2295,286,true,,,,84.35804,34,,1,3.0599756,34.47892,30.198858,,,,true,false,false,,,,,,,34,,54,182,153,162,171,181,186,191,200,119,272,874,174,136,33,0,,,,,,,,,58.5,false,false,false,1720,300,300,,,,,,,,2024-10-21T15:54:41Z,2026-04-28T12:40:24Z,,"fit","astroseirk@gmail.com_286678896017.fit",,,
i143686204,2024-10-19T10:25:01,"Copenhagen - W2 Sat Long Run - 15km Progressi","Run",5279,15014.02,6168,69.113205,4.031,2.809,true,188,172,87.70285,914,true,,,,89.057396,123,,6,2.8441029,39.858513,30.83271,,,,,false,false,,,,,,,123,,54,182,153,162,171,181,186,191,200,310,496,1594,1740,1006,142,0,,,,,,,,,58.5,false,false,false,5583,300,300,,,,,,,,2024-10-19T08:25:01Z,2026-04-28T12:40:23Z,,"fit","astroseirk@gmail.com_286190294315.fit",,,
i143686199,2024-10-18T08:01:15,"Cardio","Workout",4051,,4053,,,0.0,true,197,147,,530,,,,,79.980255,72,,,,27.090893,28.611917,,,,,false,false,,,,,,,72,,54,182,153,162,171,181,186,191,200,1847,341,188,489,795,376,17,,,,,,,,,58.5,false,false,false,4052,1200,600,16,189,,,,,,2024-10-18T06:01:15Z,2026-04-28T12:40:20Z,,"fit","astroseirk@gmail.com_285961599234.fit",,,
i143686196,2024-10-15T17:29:23,"Strength","WeightTraining",9264,,9264,,,0.0,true,193,116,,657,,,,,51.028503,67,,,,26.872967,30.730385,,,,,false,false,,,,,,,67,,54,182,153,162,171,181,186,191,200,8461,482,249,61,3,4,5,,,,,,,,,58.5,false,false,false,9263,1200,600,,,,,,,,2024-10-15T15:29:23Z,2026-04-28T12:40:19Z,,"fit","astroseirk@gmail.com_285418672191.fit",,,
i143686189,2024-10-11T19:00:56,"Strength","WeightTraining",1012,,1012,,,0.0,true,153,119,,93,,,,,49.925762,7,,,,31.792475,33.800987,,,,,false,false,,,,,,,7,,54,182,153,162,171,181,186,191,200,1013,0,0,0,0,0,0,,,,,,,,,58.5,false,false,false,1011,0,0,,,,,,,,2024-10-11T17:00:56Z,2026-04-28T12:40:18Z,,"fit","astroseirk@gmail.com_284561168861.fit",,,
i143686183,2024-10-09T16:38:55,"Copenhagen Running","Run",2889,7135.44,3161,43.597633,3.387,2.435,true,177,156,86.832634,441,true,,,,76.050026,49,,1,2.469865,41.066605,35.449497,,,,,false,false,,,,,,,49,,54,182,153,162,171,181,186,191,200,1285,532,677,394,0,0,0,,,,,,,,,58.5,false,false,false,3050,300,300,,,,,,,,2024-10-09T14:38:55Z,2026-04-28T12:40:18Z,,"fit","astroseirk@gmail.com_284125179629.fit",,,
i143686174,2024-10-08T19:57:38,"Strength","WeightTraining",2800,,2800,,,0.0,true,179,131,,278,,,,,60.010715,28,,,,39.848312,35.122993,,,,,false,false,,,,,,,28,,54,182,153,162,171,181,186,191,200,2251,260,184,106,0,0,0,,,,,,,,,58.5,false,false,false,2799,0,0,,,,,,,,2024-10-08T17:57:38Z,2026-04-28T12:40:16Z,,"fit","astroseirk@gmail.com_284125152220.fit",,,
i143686172,2024-10-08T19:22:58,"Treadmill Running","VirtualRun",1905,5500.0,2016,,4.759,2.728,true,188,162,86.99843,330,true,,,,68.15542,26,,1,2.887139,39.848312,35.122993,,,,true,false,false,,,,,,,26,,54,182,153,162,171,181,186,191,200,191,148,416,309,75,66,0,,,,,,,,,58.5,false,false,false,2015,300,300,32,182,,,,,,2024-10-08T17:22:58Z,2026-04-28T12:40:15Z,,"fit","astroseirk@gmail.com_284125144358.fit",,,
i143686154,2024-10-06T10:35:33,"Copenhagen - W10 Wed Tempo - On Off 200s (14k","Run",5104,13756.17,5915,73.32808,3.835,2.669,true,184,162,87.37868,809,true,,,,82.080696,99,,3,2.6951745,43.460686,36.19441,,,,,false,false,,,,,,,99,,54,182,153,162,171,181,186,191,200,917,1668,1144,1348,30,0,0,,,,,,,,,58.5,false,false,false,5290,300,300,,,,,,,,2024-10-06T08:35:33Z,2026-04-28T12:40:14Z,,"fit","astroseirk@gmail.com_283432190034.fit",,,
i143686151,2024-10-04T17:37:34,"Strength","WeightTraining",1915,,1915,,,0.0,true,144,112,,153,,,,,47.508453,12,,,,40.296093,35.51674,,,,,false,false,,,,,,,12,,54,182,153,162,171,181,186,191,200,1916,0,0,0,0,0,0,,,,,,,,,58.5,false,false,false,1914,0,0,,,,,,,,2024-10-04T15:37:34Z,2026-04-28T12:40:11Z,,"fit","astroseirk@gmail.com_283056075407.fit",,,
i143686141,2024-10-04T16:43:08,"Copenhagen Running","Run",1949,4490.53,2454,25.040104,4.525,2.279,true,173,161,88.042206,279,true,,,,80.86315,36,,1,2.3040173,40.296093,35.51674,,,,,false,false,,,,,,,36,,54,182,153,162,171,181,186,191,200,164,854,889,44,0,0,0,,,,,,,,,58.5,false,false,false,1982,300,300,,,,,,,,2024-10-04T14:43:08Z,2026-04-28T12:40:10Z,,"fit","astroseirk@gmail.com_283056054892.fit",,,
i143686133,2024-10-02T16:26:15,"Copenhagen Running","Run",1366,3094.91,1455,11.1957,3.331,2.259,true,163,150,86.72814,188,true,,,,72.49465,20,,1,2.2656734,45.11944,36.3606,,,,,false,false,,,,,,,20,,54,182,153,162,171,181,186,191,200,853,495,8,0,0,0,0,,,,,,,,,58.5,false,false,false,1370,300,300,,,,,,,,2024-10-02T14:26:15Z,2026-04-28T12:40:08Z,,"fit","astroseirk@gmail.com_282621252414.fit",,,
i143686115,2024-10-01T16:26:05,"Copenhagen Running","Run",3554,10266.38,4387,66.16685,4.413,2.863,true,184,174,87.689644,620,true,,,,90.81838,85,,1,2.888683,48.976906,36.75481,,,,,false,false,,,,,,,85,,54,182,153,162,171,181,186,191,200,173,49,500,2697,141,0,0,,,,,,,,,58.5,false,false,false,3710,300,300,,,,,,,,2024-10-01T14:26:05Z,2026-04-28T12:40:06Z,,"fit","astroseirk@gmail.com_282416588119.fit",,,
i143686094,2024-09-29T12:08:12,"Copenhagen Running","Run",5760,14372.35,8157,116.72922,6.056,2.427,true,172,157,87.07381,894,true,,,,77.51136,100,,1,2.4951997,50.116653,36.449936,,,,,false,false,,,,,,,100,,54,182,153,162,171,181,186,191,200,1291,2039,2427,2,0,0,0,,,,,,,,,58.5,false,false,false,5992,300,300,,,,,,,,2024-09-29T10:08:12Z,2026-04-28T12:40:03Z,,"fit","astroseirk@gmail.com_281957178368.fit",,,
i143686081,2024-09-27T18:01:03,"Copenhagen - W9 Wed Tempo - Tempo 1200s (14km","Run",4948,14030.05,5656,70.67174,3.732,2.806,true,188,170,84.85636,823,true,,,,87.78018,111,,1,2.835499,48.976124,35.760056,,,,,false,false,,,,,,,111,,54,182,153,162,171,181,186,191,200,473,417,1615,1599,708,134,0,,,,,,,,,58.5,false,false,false,5186,300,300,10,182,,,,,,2024-09-27T16:01:03Z,2026-04-28T12:39:59Z,,"fit","astroseirk@gmail.com_281577303487.fit",,,
i143686073,2024-09-25T17:11:38,"Copenhagen Running","Run",3060,8812.08,3201,39.769306,3.695,2.858,true,193,168,81.8153,509,true,,,,86.16844,66,,7,2.8797648,45.509785,34.765095,,,,,false,false,,,,,,,66,,54,182,153,162,171,181,186,191,200,674,343,302,1373,142,206,23,,,,,,,,,58.5,false,false,false,3200,300,300,38,182,,,,,,2024-09-25T15:11:38Z,2026-04-28T12:39:55Z,,"fit","astroseirk@gmail.com_281146811599.fit",,,
i143686071,2024-09-25T16:48:24,"Copenhagen Running","Run",1088,2325.77,1341,5.009553,2.939,2.072,true,156,138,86.65314,135,true,,,,64.55547,13,,2,2.1376562,45.509785,34.765095,,,,,false,false,,,,,,,13,,54,182,153,162,171,181,186,191,200,1057,20,0,0,0,0,0,,,,,,,,,58.5,false,false,false,1123,300,300,,,,,,,,2024-09-25T14:48:24Z,2026-04-28T12:39:53Z,,"fit","astroseirk@gmail.com_281146764286.fit",,,
i143686065,2024-09-24T09:16:39,"Strength","WeightTraining",2431,,2431,,,0.0,true,159,125,,240,,,,,55.777336,21,,,,40.36686,33.699245,,,,,false,false,,,,,,,21,,54,182,153,162,171,181,186,191,200,2319,113,0,0,0,0,0,,,,,,,,,58.5,false,false,false,2430,0,0,,,,,,,,2024-09-24T07:16:39Z,2026-04-28T12:39:52Z,,"fit","astroseirk@gmail.com_280860347414.fit",,,
i143686056,2024-09-24T08:08:30,"Copenhagen Running","Run",2832,7478.38,2992,36.36939,4.311,2.618,true,185,170,87.71099,476,true,,,,88.4802,64,,1,2.6406708,40.36686,33.699245,,,,,false,false,,,,,,,64,,54,182,153,162,171,181,186,191,200,291,298,462,1688,94,0,0,,,,,,,,,58.5,false,false,false,2943,300,300,,,,,,,,2024-09-24T06:08:30Z,2026-04-28T12:39:50Z,,"fit","astroseirk@gmail.com_280851183781.fit",,,
i143686047,2024-09-22T12:42:09,"Copenhagen Running","Run",2337,6035.82,2477,51.17022,3.126,2.549,true,181,166,85.71012,381,true,,,,84.93953,49,,1,2.5827215,38.65916,33.763542,,,,,false,false,,,,,,,49,,54,182,153,162,171,181,186,191,200,127,333,1108,774,0,0,0,,,,,,,,,58.5,false,false,false,2445,300,300,,,,,,,,2024-09-22T10:42:09Z,2026-04-28T12:39:48Z,,"fit","astroseirk@gmail.com_280458824760.fit",,,
i143686023,2024-09-21T16:32:24,"Copenhagen Running","Run",2619,6519.37,3295,97.9045,3.844,2.381,true,193,169,83.25372,435,true,,,,86.18562,58,,1,2.4892592,37.07117,33.396416,,,,,false,false,,,,,,,58,,54,182,153,162,171,181,186,191,200,335,645,285,895,323,139,0,,,,,,,,,58.5,false,false,false,2811,300,300,21,185,,,,,,2024-09-21T14:32:24Z,2026-04-28T12:39:46Z,,"fit","astroseirk@gmail.com_280284052856.fit",,,
i143686014,2024-09-18T16:46:15,"Copenhagen Running","Run",2704,8020.85,3124,29.704987,3.639,2.953,true,185,174,86.31217,457,true,,,,91.77868,65,,4,2.9662907,45.054237,34.40345,,,,,false,false,,,,,,,65,,54,182,153,162,171,181,186,191,200,150,108,492,1451,507,0,0,,,,,,,,,58.5,false,false,false,2778,300,300,,,,,,,,2024-09-18T14:46:15Z,2026-04-28T12:39:43Z,,"fit","astroseirk@gmail.com_279629342373.fit",,,
i143685997,2024-09-16T18:17:58,"Copenhagen Running","Run",2913,7004.03,3130,41.49848,3.77,2.383,true,163,154,86.082214,412,true,,,,73.78202,46,,1,2.4044044,48.439655,34.477413,,,,,false,false,,,,,,,46,,54,182,153,162,171,181,186,191,200,756,2157,3,0,0,0,0,,,,,,,,,57.5,false,false,false,3042,300,300,,,,,,,,2024-09-16T16:17:58Z,2026-04-28T12:39:40Z,,"fit","astroseirk@gmail.com_279211006223.fit",,,
i143685978,2024-09-15T10:12:58,"Copenhagen Running","Run",7176,21472.19,7180,120.630356,3.34,2.99,true,200,184,87.14236,1287,true,,,,99.89548,199,,9,2.9922225,48.8143,34.19977,,,,,false,false,,,,,,,199,,54,182,153,162,171,181,186,191,200,66,81,201,2127,2033,1292,1378,,,,,,,,,57.5,false,false,false,7179,300,300,15,189,,,,,,2024-09-15T08:12:58Z,2026-04-28T12:39:38Z,,"fit","astroseirk@gmail.com_278931607839.fit",,,
i143685969,2024-09-14T15:58:27,"Copenhagen Running","Run",1546,4508.85,1751,18.573744,3.938,2.881,true,187,175,86.94535,268,true,,,,93.267815,39,,3,2.916462,25.751034,30.228872,,,,,false,false,,,,,,,39,,54,182,153,162,171,181,186,191,200,60,73,230,663,428,91,0,,,,,,,,,57.5,false,false,false,1614,300,300,,,,,,,,2024-09-14T13:58:27Z,2026-04-28T12:39:33Z,,"fit","astroseirk@gmail.com_278753592664.fit",,,
i143685967,2024-09-13T18:51:26,"Indoor Cycling","VirtualRide",2517,,2517,,,0.0,true,159,145,,328,,,,,69.25406,33,,1,,23.716455,30.01753,,,,true,false,false,,250,,,,,33,,54,182,146,162,170,181,186,191,200,1231,1254,0,0,0,0,0,,,,,,,,,57.5,false,false,false,2477,0,0,,,,,,,,2024-09-13T16:51:26Z,2026-04-28T12:39:32Z,,"fit","astroseirk@gmail.com_278568667940.fit",,,
i143685944,2024-09-11T16:26:48,"Copenhagen Running","Run",4158,10949.09,4748,48.483227,5.057,2.571,true,188,163,86.912094,638,true,,,,83.118416,83,,5,2.6332588,25.713919,30.667215,,,,,false,false,,,,,,,83,,54,182,153,162,171,181,186,191,200,1586,462,85,1569,402,50,0,,,,,,,,,57.5,false,false,false,4325,300,300,12,185,,,,,,2024-09-11T14:26:48Z,2026-04-28T12:39:31Z,,"fit","astroseirk@gmail.com_278128891651.fit",,,
i143685935,2024-09-06T09:52:19,"Strength","WeightTraining",4962,,4962,,,0.0,true,164,104,,296,,,,,41.732292,24,,,,29.956156,32.344536,,,,,false,false,,,,,,,24,,54,182,153,162,171,181,186,191,200,4935,21,7,0,0,0,0,,,,,,,,,57.5,false,false,false,4961,1200,600,,,,,,,,2024-09-06T07:52:19Z,2026-04-28T12:39:28Z,,"fit","astroseirk@gmail.com_276998990285.fit",,,
i143685918,2024-09-05T10:04:11,"Copenhagen Running","Run",5133,13864.26,8499,81.718475,3.76,2.681,true,187,173,86.360374,854,true,,,,90.99749,122,,5,2.7010052,30.870813,33.123886,,,,,false,false,,,,,,,122,,54,182,153,162,171,181,186,191,200,277,275,1074,2464,987,62,0,,,,,,,,,57.5,false,false,false,5304,300,300,,,,,,,,2024-09-05T08:04:11Z,2026-04-28T12:39:27Z,,"fit","astroseirk@gmail.com_276798271185.fit",,,
i143685910,2024-08-26T09:27:44,"Saint-Tropez Running","Run",1585,4512.61,1895,25.824406,3.34,2.821,true,186,170,86.78917,270,true,,,,89.3325,36,,1,2.8470724,61.046753,38.386463,,,,,false,false,,,,,,,36,,54,182,153,162,171,181,186,191,200,138,194,325,752,179,0,0,,,,,,,,,57.5,false,false,false,1624,300,300,,,,,,,,2024-08-26T07:27:44Z,2026-04-28T12:39:24Z,,"fit","astroseirk@gmail.com_274657364835.fit",,,
i143685888,2024-08-24T11:37:19,"Copenhagen Running","Run",8683,22061.25,9554,130.66191,3.984,2.505,true,176,159,86.51804,1305,true,,,,78.276146,155,,3,2.5407405,74.85836,39.37028,,,,,false,false,,,,,,,155,,54,182,153,162,171,181,186,191,200,1375,3995,2888,427,0,0,0,,,,,,,,,57.5,false,false,false,9107,300,300,,,,,,,,2024-08-24T09:37:19Z,2026-04-28T12:39:22Z,,"fit","astroseirk@gmail.com_274274772989.fit",,,
i143685884,2024-08-23T08:17:16,"Strength","WeightTraining",3796,,3796,,,0.0,true,161,109,,244,,,,,43.580215,20,,,,62.551407,36.584156,,,,,false,false,,,,,,,20,,54,182,153,162,171,181,186,191,200,3776,21,0,0,0,0,0,,,,,,,,,57.5,false,false,false,3791,1200,600,,,,,,,,2024-08-23T06:17:16Z,2026-04-28T12:39:16Z,,"fit","astroseirk@gmail.com_274030404699.fit",,,
i143685866,2024-08-22T20:27:46,"Copenhagen Running","Run",2955,8016.54,3486,27.194996,3.042,2.668,true,176,161,86.480644,463,true,,,,78.79621,55,,1,2.7128732,69.085815,37.46566,,,,,false,false,,,,,,,55,,54,182,153,162,171,181,186,191,200,542,943,1044,429,0,0,0,,,,,,,,,57.5,false,false,false,3189,300,300,,,,,,,,2024-08-22T18:27:46Z,2026-04-28T12:39:15Z,,"fit","astroseirk@gmail.com_273925063312.fit",,,
i143685860,2024-08-21T19:06:01,"Strength","WeightTraining",3900,,3900,,,0.0,true,172,123,,320,,,,,56.086727,34,,,,71.2489,37.043167,,,,,false,false,,,,,,,34,,54,182,153,162,171,181,186,191,200,3410,240,243,8,0,0,0,,,,,,,,,57.5,false,false,false,3891,1200,600,,,,,,,,2024-08-21T17:06:01Z,2026-04-28T12:39:13Z,,"fit","astroseirk@gmail.com_273705621395.fit",,,
i143685839,2024-08-21T16:31:11,"Copenhagen Running","Run",5395,14013.32,5731,54.715473,3.555,2.577,true,179,163,89.04376,844,true,,,,82.66179,105,,2,2.5974643,71.2489,37.043167,,,,,false,false,,,,,,,105,,54,182,153,162,171,181,186,191,200,375,1587,2647,788,0,0,0,,,,,,,,,57.5,false,false,false,5532,300,300,,,,,,,,2024-08-21T14:31:11Z,2026-04-28T12:39:11Z,,"fit","astroseirk@gmail.com_273686092619.fit",,,
i143685836,2024-08-20T17:29:59,"Strength","WeightTraining",5499,,5499,,,0.0,true,190,130,,534,,,,,64.746735,64,,,,60.8447,35.40573,,,,,false,false,,,,,,,64,,54,182,153,162,171,181,186,191,200,4067,536,205,410,218,64,0,,,,,,,,,57.5,false,false,false,5496,1200,600,37,189,,,,,,2024-08-20T15:29:59Z,2026-04-28T12:39:08Z,,"fit","astroseirk@gmail.com_273483618373.fit",,,
i143685818,2024-08-19T16:49:11,"Copenhagen - W5 Mon Hills - Progressive Hill","Run",2789,8038.64,3213,52.289185,5.085,2.81,true,200,173,83.75084,479,true,,,,90.13294,67,,5,2.882266,60.360157,36.258842,,,,,false,false,,,,,,,67,,54,182,153,162,171,181,186,191,200,242,208,498,1082,400,296,64,,,,,,,,,57.5,false,false,false,2969,300,300,37,185,,,,,,2024-08-19T14:49:11Z,2026-04-28T12:39:07Z,,"fit","astroseirk@gmail.com_273255246231.fit",,,
i143685788,2024-08-17T09:32:16,"Copenhagen - W3 Sat Long Run - Half Marathon","Run",8369,21121.66,9660,159.14058,3.648,2.509,true,183,163,87.297646,1265,true,,,,82.09467,161,,5,2.5237973,68.45313,36.373943,,,,,false,false,,,,,,,161,,54,182,153,162,171,181,186,191,200,926,2198,4099,1133,11,0,0,,,,,,,,,57.5,false,false,false,8600,300,300,,,,,,,,2024-08-17T07:32:16Z,2026-04-28T12:39:05Z,,"fit","astroseirk@gmail.com_272789343812.fit",,,
i143685783,2024-08-16T19:03:01,"Cardio","Workout",2301,,2301,,,0.0,true,186,143,,248,,,,,70.178185,31,,,,54.241173,33.371048,,,,,false,false,,,,,,,31,,54,182,153,162,171,181,186,191,200,1365,302,275,294,33,0,0,,,,,,,,,57.5,false,false,false,2266,0,0,38,182,,,,,,2024-08-16T17:03:01Z,2026-04-28T12:38:59Z,,"fit","astroseirk@gmail.com_272649817495.fit",,,
i143685772,2024-08-15T19:01:31,"Copenhagen Running","Run",3153,10083.76,3154,37.2012,3.667,3.197,true,200,190,87.28345,593,true,,,,108.96974,104,,9,3.1981478,57.810204,34.175133,,,,,false,false,,,,,,,104,,54,182,153,162,171,181,186,191,200,80,40,82,290,169,458,2036,,,,,,,,,57.5,false,false,false,3153,300,300,,,,,,,,2024-08-15T17:01:31Z,2026-04-28T12:38:59Z,,"fit","astroseirk@gmail.com_272447167775.fit",,,
i143685764,2024-08-14T17:38:03,"Copenhagen Running","Run",1978,6011.66,2223,31.169521,4.208,3.017,true,194,178,86.86265,346,true,,,,96.75805,53,,5,3.039262,50.717068,32.492687,,,,,false,false,,,,,,,53,,54,182,153,162,171,181,186,191,200,147,184,118,398,561,383,192,,,,,,,,,57.5,false,false,false,2038,300,300,,,,,,,,2024-08-14T15:38:03Z,2026-04-28T12:38:56Z,,"fit","astroseirk@gmail.com_272221671986.fit",,,
i143685754,2024-08-13T16:08:19,"Copenhagen - W3 Mon Tempo - Tempo 2km Repeats","Run",3802,11028.02,4349,38.31685,3.695,2.851,true,191,173,82.65662,635,true,,,,91.98345,93,,7,2.9005837,50.36649,31.99856,,,,,false,false,,,,,,,93,,54,182,153,162,171,181,186,191,200,513,375,586,528,868,932,0,,,,,,,,,57.5,false,false,false,3957,300,300,34,185,,,,,,2024-08-13T14:08:19Z,2026-04-28T12:38:54Z,,"fit","astroseirk@gmail.com_272002874890.fit",,,
i143685739,2024-08-11T11:24:55,"Copenhagen Running","Run",3976,7714.19,4415,44.30756,3.49,1.924,true,161,133,75.895164,433,true,,,,61.60396,43,,2,1.9401886,50.54861,31.26431,,,,,false,false,,,,,,,43,,54,182,153,162,171,181,186,191,200,3296,678,0,0,0,0,0,,,,,,,,,57.5,false,false,false,4079,300,300,,,,,,,,2024-08-11T09:24:55Z,2026-04-28T12:38:51Z,,"fit","astroseirk@gmail.com_271537607096.fit",,,
i143685717,2024-08-10T14:21:42,"Copenhagen - W2 Sat Long Run - 19km Progressi","Run",6676,19006.44,7811,77.022934,3.938,2.824,true,186,173,84.95645,1101,true,,,,90.913,160,,6,2.84698,51.707813,30.981537,,,,,false,false,,,,,,,160,,54,182,153,162,171,181,186,191,200,258,353,1166,3682,1210,0,0,,,,,,,,,57.5,false,false,false,6969,300,300,,,,,,,,2024-08-10T12:21:42Z,2026-04-28T12:38:48Z,,"fit","astroseirk@gmail.com_271363851821.fit",,,
i143685707,2024-08-08T12:41:54,"Strength","WeightTraining",3113,,3113,,,0.0,true,174,122,,239,,,,,54.073807,25,,,,40.464664,28.544409,,,,,false,false,,,,,,,25,,54,182,153,162,171,181,186,191,200,2796,167,102,19,0,0,0,,,,,,,,,57.5,false,false,false,3078,0,0,,,,,,,,2024-08-08T10:41:54Z,2026-04-28T12:38:44Z,,"fit","astroseirk@gmail.com_270928360548.fit",,,
i143685691,2024-08-07T17:34:17,"Copenhagen Running","Run",2532,7769.49,3102,33.60053,5.207,2.999,true,193,179,86.224815,446,true,,,,94.20283,67,,3,3.068519,42.839497,29.232193,,,,,false,false,,,,,,,67,,54,182,153,162,171,181,186,191,200,112,160,268,520,723,651,93,,,,,,,,,57.5,false,false,false,2718,300,300,,,,,,,,2024-08-07T15:34:17Z,2026-04-28T12:38:43Z,,"fit","astroseirk@gmail.com_270760115786.fit",,,
i143685679,2024-08-05T18:48:42,"Copenhagen - W2 Mon Hills - Progressive Hill","Run",2980,8008.31,3568,110.67416,4.46,2.473,true,194,172,83.85684,520,true,,,,85.45819,68,,5,2.6873524,45.138176,29.004597,,,,,false,false,,,,,,,68,,54,182,153,162,171,181,186,191,200,140,284,970,1158,273,114,24,,,,,,,,,57.5,false,false,false,3352,300,300,24,193,,,,,,2024-08-05T16:48:42Z,2026-04-28T12:38:41Z,,"fit","astroseirk@gmail.com_270349151285.fit",,,
i143685677,2024-08-03T10:37:41,"Strength","WeightTraining",2772,,2772,,,0.0,true,150,116,,203,,,,,48.3581,18,,,,48.019913,28.741226,,,,,false,false,,,,,,,18,,54,182,153,162,171,181,186,191,200,2773,0,0,0,0,0,0,,,,,,,,,57.5,false,false,false,2771,0,0,,,,,,,,2024-08-03T08:37:41Z,2026-04-28T12:38:38Z,,"fit","astroseirk@gmail.com_269861220766.fit",,,
i143685664,2024-08-02T17:29:33,"Copenhagen Running","Run",6203,17012.52,7057,72.987366,3.732,2.725,true,188,177,87.49359,1023,true,,,,94.41379,158,,6,2.7426276,52.62992,29.433752,,,,,false,false,,,,,,,158,,54,182,153,162,171,181,186,191,200,149,154,538,3843,1447,74,0,,,,,,,,,57.5,false,false,false,6381,300,300,,,,,,,,2024-08-02T15:29:33Z,2026-04-28T12:38:37Z,,"fit","astroseirk@gmail.com_269726955436.fit",,,
i143685653,2024-07-31T18:28:29,"Copenhagen Running","Run",2492,7049.64,3781,38.373917,3.938,2.807,true,192,166,79.356384,386,true,,,,85.599,53,,4,2.8289084,42.04602,26.970488,,,,,false,false,,,,,,,53,,54,182,153,162,171,181,186,191,200,560,316,455,857,92,214,9,,,,,,,,,57.5,false,false,false,2604,300,300,,,,,,,,2024-07-31T16:28:29Z,2026-04-28T12:38:33Z,,"fit","astroseirk@gmail.com_269321321501.fit",,,
i143685649,2024-07-31T06:57:55,"Strength","WeightTraining",4585,,4585,,,0.0,true,173,124,,378,,,,,56.7627,41,,,,42.04602,26.970488,,,,,false,false,,,,,,,41,,54,182,153,162,171,181,186,191,200,3888,472,215,11,0,0,0,,,,,,,,,57.5,false,false,false,4581,1200,600,,,,,,,,2024-07-31T04:57:55Z,2026-04-28T12:38:31Z,,"fit","astroseirk@gmail.com_269221683094.fit",,,
i143685635,2024-07-30T16:18:51,"Herlev Running","Run",3869,10012.7,4226,42.189903,4.255,2.572,true,187,176,86.98052,638,true,,,,94.292786,98,,3,2.5879297,34.067707,26.3433,,,,,false,false,,,,,,,98,,54,182,153,162,171,181,186,191,200,121,129,380,2044,1179,20,0,,,,,,,,,57.5,false,false,false,3968,300,300,,,,,,,,2024-07-30T14:18:51Z,2026-04-28T12:38:31Z,,"fit","astroseirk@gmail.com_269096802691.fit",,,
i143685587,2024-07-28T12:29:11,"Nacka Running","Run",2500,6787.35,3543,56.74504,3.536,2.297,true,185,159,83.9813,412,true,,,,79.57738,53,,2,2.71494,27.973886,25.20986,,,,,false,false,,,,,,,53,,54,182,153,162,171,181,186,191,200,383,357,594,1034,130,0,0,,,,,,,,,57.5,false,false,false,3013,300,300,,,,,,,,2024-07-28T10:29:11Z,2026-04-28T12:38:28Z,,"fit","astroseirk@gmail.com_268645784918.fit",,,
i143685572,2024-07-25T17:57:28,"Copenhagen Running","Run",3470,10028.86,3729,50.613327,3.396,2.865,true,195,186,86.19686,628,true,,,,102.12964,105,,5,2.8901615,32.111084,25.737104,,,,,false,false,,,,,,,105,,54,182,153,162,171,181,186,191,200,62,58,142,320,591,1165,1139,,,,,,,,,57.5,false,false,false,3624,300,300,,,,,,,,2024-07-25T15:57:28Z,2026-04-28T12:38:17Z,,"fit","astroseirk@gmail.com_268078171182.fit",,,
i143685558,2024-07-19T15:10:12,"Copenhagen Running","Run",2711,7011.41,3961,28.653822,3.854,2.565,true,185,176,86.6847,448,true,,,,93.13806,68,,2,2.5862818,42.729557,26.839573,,,,,false,false,,,,,,,68,,54,182,153,162,171,181,186,191,200,80,64,284,1817,465,0,0,,,,,,,,,57.5,false,false,false,2822,300,300,,,,,,,,2024-07-19T13:10:12Z,2026-04-28T12:38:14Z,,"fit","astroseirk@gmail.com_266816742900.fit",,,
i143685554,2024-07-19T08:04:17,"Cardio","Workout",4674,,4674,,,0.0,true,199,141,,533,,,,,78.50519,80,,,,42.729557,26.839573,,,,,false,false,,,,,,,80,,54,182,153,162,171,181,186,191,200,2447,256,226,348,471,584,343,,,,,,,,,57.5,false,false,false,4673,1200,600,29,190,,,,,,2024-07-19T06:04:17Z,2026-04-28T12:38:11Z,,"fit","astroseirk@gmail.com_266754932966.fit",,,
i143685552,2024-07-18T06:44:12,"Strength","WeightTraining",6432,,6432,,,0.0,true,193,145,,697,,,,,74.46714,99,,,,26.563702,25.847803,,,,,false,false,,,,,,,99,,54,182,153,162,171,181,186,191,200,3334,518,934,1331,263,45,8,,,,,,,,,57.5,false,false,false,6427,1200,600,38,182,,,,,,2024-07-18T04:44:12Z,2026-04-28T12:38:10Z,,"fit","astroseirk@gmail.com_266628352130.fit",,,
i143685549,2024-07-17T19:27:02,"Strength","WeightTraining",5264,,5264,,,0.0,true,154,117,,380,,,,,49.63747,36,,,,15.440022,26.470612,,,,,false,false,,,,,,,36,,54,182,153,162,171,181,186,191,200,5264,1,0,0,0,0,0,,,,,,,,,57.5,false,false,false,5260,1200,600,,,,,,,,2024-07-17T17:27:02Z,2026-04-28T12:38:10Z,,"fit","astroseirk@gmail.com_266442378186.fit",,,
i143685541,2024-07-15T17:38:09,"Frederiksberg Running","Run",2553,6745.92,2626,47.559845,3.154,2.638,true,193,176,86.33934,436,true,,,,96.13293,66,,3,2.6423502,14.168927,27.76161,,,,,false,false,,,,,,,66,,54,182,153,162,171,181,186,191,200,568,2,2,272,875,777,56,,,,,,,,,57.5,false,false,false,2571,300,300,13,191,,,,,,2024-07-15T15:38:09Z,2026-04-28T12:38:09Z,,"fit","astroseirk@gmail.com_266007574470.fit",,,
i143685534,2024-06-30T14:18:08,"Strength","WeightTraining",5296,,5296,,,0.0,true,189,132,,514,,,,,64.417854,61,,,,45.882263,37.45858,,,,,false,false,,,,,,,61,,54,182,153,162,171,181,186,191,200,3718,379,387,561,223,29,0,,,,,,,,,58.0,false,false,false,5292,1200,600,23,186,,,,,,2024-06-30T12:18:08Z,2026-04-28T12:38:07Z,,"fit","astroseirk@gmail.com_262933947948.fit",,,
i143685530,2024-06-28T17:58:23,"Strength","WeightTraining",3262,,3262,,,0.0,true,160,99,,183,,,,,39.31333,14,,,,50.250107,39.285473,,,,,false,false,,,,,,,14,,54,182,153,162,171,181,186,191,200,3248,15,0,0,0,0,0,,,,,,,,,58.0,false,false,false,3261,0,0,,,,,,,,2024-06-28T15:58:23Z,2026-04-28T12:38:06Z,,"fit","astroseirk@gmail.com_262558391985.fit",,,
i143685517,2024-06-26T14:58:41,"Copenhagen - W6 Thu Easy Run - 11km Easy Run","Run",2615,6514.97,2969,27.185202,3.266,2.477,true,172,155,87.7788,399,true,,,,76.24299,43,,3,2.4913845,64.38837,41.20147,,,,,false,false,,,,,,,43,,54,182,153,162,171,181,186,191,200,532,1875,200,8,0,0,0,,,,,,,,,58.0,false,false,false,2663,300,300,,,,,,,,2024-06-26T12:58:41Z,2026-04-28T12:38:05Z,,"fit","astroseirk@gmail.com_262130719552.fit",,,
i143685512,2024-06-26T07:23:52,"Strength","WeightTraining",3714,,3714,,,0.0,true,144,107,,239,,,,,42.92636,19,,,,64.38837,41.20147,,,,,false,false,,,,,,,19,,54,182,153,162,171,181,186,191,200,3715,0,0,0,0,0,0,,,,,,,,,58.0,false,false,false,3712,1200,600,,,,,,,,2024-06-26T05:23:52Z,2026-04-28T12:38:03Z,,"fit","astroseirk@gmail.com_262068306466.fit",,,
i143685493,2024-06-25T17:05:13,"Copenhagen - W6 Mon Tempo - Over and Unders 1","Run",4721,14020.7,5123,68.00512,3.602,2.94,true,189,176,85.262146,847,true,,,,92.15532,118,,5,2.9698582,64.755135,41.158134,,,,,false,false,,,,,,,118,,54,182,153,162,171,181,186,191,200,90,383,642,2197,1177,233,0,,,,,,,,,58.0,false,false,false,5002,300,300,,,,,,,,2024-06-25T15:05:13Z,2026-04-28T12:38:02Z,,"fit","astroseirk@gmail.com_261950056117.fit",,,
i143685471,2024-06-23T14:19:49,"Copenhagen Running","Run",5890,15010.9,6171,67.14987,3.415,2.528,true,178,163,85.50324,922,true,,,,81.4165,113,,3,2.5485399,65.267075,40.25371,,,,,false,false,,,,,,,113,,54,182,153,162,171,181,186,191,200,351,1920,3122,492,0,0,0,,,,,,,,,58.0,false,false,false,6137,300,300,,,,,,,,2024-06-23T12:19:49Z,2026-04-28T12:37:59Z,,"fit","astroseirk@gmail.com_261517772985.fit",,,
i143685452,2024-06-22T11:48:29,"Copenhagen Running","Run",7390,20014.18,7942,123.77169,4.003,2.693,true,185,173,88.073456,1268,true,,,,91.00183,174,,4,2.7082787,57.936966,38.500874,,,,,false,false,,,,,,,174,,54,182,153,162,171,181,186,191,200,247,466,1744,4380,555,0,0,,,,,,,,,58.0,false,false,false,7564,300,300,10,182,,,,,,2024-06-22T09:48:29Z,2026-04-28T12:37:55Z,,"fit","astroseirk@gmail.com_261295115633.fit",,,
i143685445,2024-06-21T18:21:31,"Strength","WeightTraining",5297,,5297,,,0.0,true,145,110,,363,,,,,45.158333,30,,,,40.113747,35.23599,,,,,false,false,,,,,,,30,,54,182,153,162,171,181,186,191,200,5298,0,0,0,0,0,0,,,,,,,,,58.0,false,false,false,5296,1200,600,,,,,,,,2024-06-21T16:21:31Z,2026-04-28T12:37:50Z,,"fit","astroseirk@gmail.com_261146056665.fit",,,
i143685428,2024-06-19T16:42:40,"Copenhagen - W5 Wed Intervals - 1km Repeats (","Run",4416,11591.09,4806,76.77723,4.05,2.606,true,183,160,83.37444,699,true,,,,80.85918,82,,4,2.624794,48.065434,36.954483,,,,,false,false,,,,,,,82,,54,182,153,162,171,181,186,191,200,1333,1321,454,1182,122,0,0,,,,,,,,,58.0,false,false,false,4515,300,300,30,182,,,,,,2024-06-19T14:42:40Z,2026-04-28T12:37:48Z,,"fit","astroseirk@gmail.com_260732451398.fit",,,
i143685413,2024-06-17T18:05:16,"Copenhagen Running","Run",3240,10035.52,3310,11.041841,3.686,3.085,true,196,189,86.85913,619,true,,,,106.503136,103,,3,3.0973825,49.43519,36.733376,,,,,false,false,,,,,,,103,,54,182,153,162,171,181,186,191,200,19,12,62,381,160,1197,1410,,,,,,,,,58.0,false,false,false,3269,300,300,,,,,,,,2024-06-17T16:05:16Z,2026-04-28T12:37:45Z,,"fit","astroseirk@gmail.com_260327037207.fit",,,
i143685412,2024-06-16T12:54:30,"Strength","WeightTraining",2363,,2363,,,0.0,true,167,130,,242,,,,,60.493523,24,,,,41.209507,35.136665,,,,,false,false,,,,,,,24,,54,182,153,162,171,181,186,191,200,2071,194,99,0,0,0,0,,,,,,,,,57.5,false,false,false,2361,0,0,,,,,,,,2024-06-16T10:54:30Z,2026-04-28T12:37:42Z,,"fit","astroseirk@gmail.com_260075205368.fit",,,
i143685401,2024-06-15T09:03:35,"Copenhagen Running","Run",3987,11420.51,4188,71.18642,4.535,2.844,true,191,183,89.868515,729,true,,,,98.1862,111,,7,2.8644369,43.852283,35.98329,,,,,false,false,,,,,,,111,,54,182,153,162,171,181,186,191,200,36,101,181,533,1722,1412,0,,,,,,,,,57.5,false,false,false,4145,300,300,12,189,,,,,,2024-06-15T07:03:35Z,2026-04-28T12:37:41Z,,"fit","astroseirk@gmail.com_259840475177.fit",,,
i143685386,2024-06-14T12:59:40,"Copenhagen Running","Run",4055,10581.13,4511,45.560764,3.48,2.597,true,174,162,88.28684,642,true,,,,81.87642,77,,3,2.6094031,33.540745,34.175747,,,,,false,false,,,,,,,77,,54,182,153,162,171,181,186,191,200,364,783,2860,54,0,0,0,,,,,,,,,57.5,false,false,false,4135,300,300,,,,,,,,2024-06-14T10:59:40Z,2026-04-28T12:37:38Z,,"fit","astroseirk@gmail.com_259677839710.fit",,,
i143685376,2024-06-13T17:20:07,"Copenhagen - W4 Mon Tempo - On Off Ks (8km)","Run",2584,8012.08,3009,52.7921,3.704,3.069,true,188,168,87.03372,446,true,,,,86.314026,56,,6,3.10065,26.866926,33.143887,,,,,false,false,,,,,,,56,,54,182,153,162,171,181,186,191,200,421,345,396,1105,204,116,0,,,,,,,,,57.5,false,false,false,2706,300,300,14,187,,,,,,2024-06-13T15:20:07Z,2026-04-28T12:37:36Z,,"fit","astroseirk@gmail.com_259509571589.fit",,,
i143685368,2024-06-11T17:19:53,"Copenhagen Running","Run",2033,6651.1,3372,64.56629,5.085,3.211,true,188,159,89.014946,322,true,,,,80.12039,37,,7,3.2715693,25.831903,33.3785,,,,,false,false,,,,,,,37,,54,182,153,162,171,181,186,191,200,642,367,551,367,72,26,0,,,,,,,,,57.5,false,false,false,2075,300,300,,,,,,,,2024-06-11T15:19:53Z,2026-04-28T12:37:33Z,,"fit","astroseirk@gmail.com_259102428346.fit",,,
i143685365,2024-06-08T11:53:35,"Strength","WeightTraining",2736,,2736,,,0.0,true,178,144,,332,,,,,68.887695,36,,,,32.09262,34.914886,,,,,false,false,,,,,,,36,,54,182,153,162,171,181,186,191,200,1922,513,197,105,0,0,0,,,,,,,,,57.5,false,false,false,2731,0,0,,,,,,,,2024-06-08T09:53:35Z,2026-04-28T12:37:31Z,,"fit","astroseirk@gmail.com_258440343921.fit",,,
i143685356,2024-06-06T17:43:30,"Copenhagen Running","Run",2480,6568.03,2718,37.749184,4.115,2.629,true,164,153,88.77611,381,true,,,,73.92673,39,,2,2.648399,36.328743,36.61772,,,,,false,false,,,,,,,39,,54,182,153,162,171,181,186,191,200,861,1568,50,0,0,0,0,,,,,,,,,57.5,false,false,false,2569,300,300,,,,,,,,2024-06-06T15:43:30Z,2026-04-28T12:37:31Z,,"fit","astroseirk@gmail.com_258085054028.fit",,,
i143685342,2024-06-05T20:11:19,"Copenhagen - W3 Mon Tempo - Over and Unders 1","Run",3188,10013.67,3593,43.171474,3.788,3.119,true,191,178,87.34692,579,true,,,,94.74153,84,,6,3.1410508,35.918533,36.56032,,,,,false,false,,,,,,,84,,54,182,153,162,171,181,186,191,200,81,103,526,956,668,864,0,,,,,,,,,57.5,false,false,false,3369,300,300,11,188,,,,,,2024-06-05T18:11:19Z,2026-04-28T12:37:28Z,,"fit","astroseirk@gmail.com_257905386542.fit",,,
i143685340,2024-06-04T20:41:19,"Copenhagen Walking","Walk",1201,1563.99,1355,13.0,2.529,1.154,true,189,135,59.335052,133,,,,,58.11746,12,,,1.3022398,28.534904,35.41725,,,,,false,false,,,,,,,12,,54,182,153,162,171,181,186,191,200,1092,11,28,23,2,5,0,,,,,,,,,57.5,false,false,false,1279,0,0,28,189,,,,,,2024-06-04T18:41:19Z,2026-04-28T12:37:26Z,,"fit","astroseirk@gmail.com_257697226525.fit",,,
i143685333,2024-06-04T20:12:45,"Copenhagen Running","Run",1571,5013.16,1677,27.143414,3.602,3.167,true,191,179,87.82323,287,true,,,,97.08982,42,,7,3.1910632,28.534904,35.41725,,,,,false,false,,,,,,,42,,54,182,153,162,171,181,186,191,200,35,32,163,538,426,366,0,,,,,,,,,57.5,false,false,false,1604,300,300,,,,,,,,2024-06-04T18:12:45Z,2026-04-28T12:37:26Z,,"fit","astroseirk@gmail.com_257695454975.fit",,,
i143685324,2024-05-30T17:36:38,"Copenhagen Running","Run",4086,11187.62,4391,66.01762,3.34,2.714,true,187,177,88.641655,714,true,,,,94.2921,104,,2,2.7380373,43.604687,38.463676,,,,,false,false,,,,,,,104,,54,182,153,162,171,181,186,191,200,29,37,353,3072,591,0,0,,,,,,,,,57.5,false,false,false,4211,300,300,,,,,,,,2024-05-30T15:36:38Z,2026-04-28T12:37:24Z,,"fit","astroseirk@gmail.com_256663291625.fit",,,
i143685319,2024-05-28T19:26:12,"Strength","WeightTraining",3033,,3033,,,0.0,true,171,116,,240,,,,,51.10907,22,,,,39.601982,37.773304,,,,,false,false,,,,,,,22,,54,182,153,162,171,181,186,191,200,2773,157,104,0,0,0,0,,,,,,,,,57.5,false,false,false,3032,0,0,,,,,,,,2024-05-28T17:26:12Z,2026-04-28T12:37:21Z,,"fit","astroseirk@gmail.com_256267386563.fit",,,
i143685317,2024-05-26T09:49:56,"Running","Run",3009,9255.81,4298,0.0,4.096,2.925,true,200,176,89.07516,606,true,,,,105.84906,99,,6,3.0760417,48.8016,39.615547,,,,true,false,false,,,,,,,99,,54,182,153,162,171,181,186,191,200,342,66,140,356,143,1289,638,,,,,,,,,57.5,false,false,false,3181,300,300,37,200,,,,,,2024-05-26T07:49:56Z,2026-04-28T12:37:20Z,,"fit","astroseirk@gmail.com_255782472495.fit",,,
i143685308,2024-05-25T10:11:03,"Gdansk Running","Run",2175,6017.39,2458,29.472944,3.434,2.742,true,182,172,89.376915,379,true,,,,89.50241,50,,4,2.766616,41.092884,38.184666,,,,,false,false,,,,,,,50,,54,182,153,162,171,181,186,191,200,131,106,559,1345,37,0,0,,,,,,,,,57.5,false,false,false,2247,300,300,,,,,,,,2024-05-25T08:11:03Z,2026-04-28T12:37:20Z,,"fit","astroseirk@gmail.com_255573372933.fit",,,
i143685297,2024-05-22T18:28:50,"Copenhagen - W2 Mon Intervals - Pyramid Inter","Run",3855,10927.3,4559,66.063,4.945,2.796,true,196,174,81.581116,682,true,,,,93.238625,95,,8,2.8345785,52.862625,39.74839,,,,,false,false,,,,,,,95,,54,182,153,162,171,181,186,191,200,547,233,466,951,754,820,76,,,,,,,,,57.5,false,false,false,3934,300,300,33,188,,,,,,2024-05-22T16:28:50Z,2026-04-28T12:37:18Z,,"fit","astroseirk@gmail.com_255057640636.fit",,,
i143685292,2024-05-20T15:29:08,"Strength","WeightTraining",4806,,4806,,,0.0,true,156,109,,309,,,,,44.97658,27,,,,53.515957,39.342762,,,,,false,false,,,,,,,27,,54,182,153,162,171,181,186,191,200,4792,15,0,0,0,0,0,,,,,,,,,57.5,false,false,false,4805,1200,600,,,,,,,,2024-05-20T13:29:08Z,2026-04-28T12:37:15Z,,"fit","astroseirk@gmail.com_254624308663.fit",,,
i143685290,2024-05-19T13:02:07,"Cardio","Workout",3965,,3966,,,0.0,true,194,163,,581,,,,,89.83106,85,,,,57.58788,40.290733,,,,,false,false,,,,,,,85,,54,182,153,162,171,181,186,191,200,1111,134,226,645,648,855,180,,,,,,,,,57.5,false,false,false,3792,1200,600,32,190,,,,,,2024-05-19T11:02:07Z,2026-04-28T12:37:14Z,,"fit","astroseirk@gmail.com_254390421661.fit",,,
i143685255,2024-05-18T14:38:15,"Reykjavik Running","Run",2099,6013.59,2564,49.42002,3.34,2.841,true,186,176,87.39147,367,true,,,,92.31284,53,,3,2.8649786,53.378338,41.261547,,,,,false,false,,,,,,,53,,54,182,153,162,171,181,186,191,200,116,92,146,996,747,0,0,,,,,,,,,57.5,false,false,false,2239,300,300,,,,,,,,2024-05-18T12:38:15Z,2026-04-28T12:37:13Z,,"fit","astroseirk@gmail.com_254192570039.fit",,,
i143685253,2024-05-18T12:12:16,"Cardio","Workout",3713,,3713,,,0.0,true,200,172,,593,,,,,94.9833,93,,,,53.378338,41.261547,,,,,false,false,,,,,,,93,,54,182,153,162,171,181,186,191,200,642,369,233,504,709,859,398,,,,,,,,,57.5,false,false,false,3711,1200,600,36,182,,,,,,2024-05-18T10:12:16Z,2026-04-28T12:37:04Z,,"fit","astroseirk@gmail.com_254172343701.fit",,,
i143685246,2024-05-16T19:35:23,"Cardio","Workout",3592,,3592,,,0.0,true,196,162,,531,,,,,88.45285,78,,,,45.167713,41.9661,,,,,false,false,,,,,,,78,,54,182,153,162,171,181,186,191,200,1212,128,147,730,675,643,58,,,,,,,,,57.5,false,false,false,3589,0,0,34,189,,,,,,2024-05-16T17:35:23Z,2026-04-28T12:37:04Z,,"fit","astroseirk@gmail.com_253833725413.fit",,,
i143685203,2024-05-15T23:13:45,"Reykjavik - W2 Wed Tempo - Rolling 300s (11k","Run",3257,10010.53,3548,132.3551,3.816,3.066,true,194,182,87.69389,602,true,,,,100.83165,93,,4,3.0735433,40.125824,42.977283,,,,,false,false,,,,,,,93,,54,182,153,162,171,181,186,191,200,99,38,140,514,1219,1129,121,,,,,,,,,58.0,false,false,false,3293,300,300,,,,,,,,2024-05-15T21:13:45Z,2026-04-28T12:37:03Z,,"fit","astroseirk@gmail.com_253659987255.fit",,,
i143685201,2024-05-14T09:25:11,"Strength","WeightTraining",3165,,3165,,,0.0,true,159,125,,294,,,,,55.426174,27,,,,32.006203,41.771973,,,,,false,false,,,,,,,27,,54,182,153,162,171,181,186,191,200,3090,76,0,0,0,0,0,,,,,,,,,58.0,false,false,false,3164,0,0,,,,,,,,2024-05-14T07:25:11Z,2026-04-28T12:36:50Z,,"fit","astroseirk@gmail.com_253338876387.fit",,,
i143685197,2024-05-09T12:04:39,"Cardio","Workout",2788,,2788,,,0.0,true,200,147,,341,,,,,74.52757,43,,,,58.037766,47.052933,,,,,false,false,,,,,,,43,,54,182,153,162,171,181,186,191,200,1573,311,349,312,169,51,24,,,,,,,,,58.0,false,false,false,2787,0,0,41,200,,,,,,2024-05-09T10:04:39Z,2026-04-28T12:36:50Z,,"fit","astroseirk@gmail.com_252326097260.fit",,,
i143685187,2024-05-08T12:44:25,"Copenhagen Running","Run",2622,7769.84,3792,43.4512,3.322,2.936,true,191,173,86.23746,465,true,,,,92.05272,64,,1,2.9633257,60.347042,48.186684,,,,,false,false,,,,,,,64,,54,182,153,162,171,181,186,191,200,203,513,264,506,512,620,0,,,,,,,,,58.0,false,false,false,2719,300,300,,,,,,,,2024-05-08T10:44:25Z,2026-04-28T12:36:49Z,,"fit","astroseirk@gmail.com_252129128011.fit",,,
i143685154,2024-05-05T09:49:08,"Copenhagen - Copenhagen Marathon","Run",15176,42893.69,15194,255.61266,4.059,2.823,true,188,174,87.68065,2584,true,,,,94.01213,373,,10,2.8264163,79.55806,50.137188,,,,,false,false,,,,,,,373,,54,182,153,162,171,181,186,191,200,2176,4,80,9100,3506,311,0,,,,,,,,,58.0,false,false,false,15193,300,300,12,185,,,,,,2024-05-05T07:49:08Z,2026-04-28T12:36:47Z,,"fit","astroseirk@gmail.com_251537789604.fit",,,
i143685142,2024-05-04T09:07:14,"Copenhagen Running","Run",1824,5126.24,1923,40.031906,3.462,2.776,true,184,170,88.343124,319,true,,,,87.26408,40,,2,2.8104386,34.49565,42.357735,,,,,false,false,,,,,,,40,,54,182,153,162,171,181,186,191,200,118,175,624,875,36,0,0,,,,,,,,,58.0,false,false,false,1891,300,300,,,,,,,,2024-05-04T07:07:14Z,2026-04-28T12:36:37Z,,"fit","astroseirk@gmail.com_251271939212.fit",,,
i143685126,2024-05-01T18:14:12,"Copenhagen - W16 Wed Taper Intervals - Marath","Run",2883,8227.31,3048,42.046345,4.264,2.829,true,181,172,88.31772,501,true,,,,89.666046,67,,2,2.853732,44.778965,44.483143,,,,,false,false,,,,,,,67,,54,182,153,162,171,181,186,191,200,97,71,605,2113,0,0,0,,,,,,,,,58.0,false,false,false,3000,300,300,,,,,,,,2024-05-01T16:14:12Z,2026-04-28T12:36:35Z,,"fit","astroseirk@gmail.com_250883005558.fit",,,
i143685114,2024-04-28T10:20:04,"Copenhagen Running","Run",2614,7318.1,2905,45.569454,3.9,2.777,true,186,164,89.762695,441,true,,,,82.2821,52,,2,2.7995791,55.047028,46.083622,,,,,false,false,,,,,,,52,,54,182,153,162,171,181,186,191,200,274,795,705,814,26,0,0,,,,,,,,,58.0,false,false,false,2765,300,300,,,,,,,,2024-04-28T08:20:04Z,2026-04-28T12:36:33Z,,"fit","astroseirk@gmail.com_250049901278.fit",,,
i143685099,2024-04-26T10:23:19,"Copenhagen - W15 Sat Long Run - 12km Long Run","Run",4087,11066.91,4318,54.996128,3.331,2.695,true,182,165,89.70993,678,true,,,,84.188095,82,,3,2.707832,64.04009,47.048027,,,,,false,false,,,,,,,82,,54,182,153,162,171,181,186,191,200,254,918,2130,783,3,0,0,,,,,,,,,58.0,false,false,false,4165,300,300,,,,,,,,2024-04-26T08:23:19Z,2026-04-28T12:36:30Z,,"fit","astroseirk@gmail.com_249654078769.fit",,,
i143685096,2024-04-25T19:15:08,"Pilates","Pilates",3479,,3479,,,0.0,true,172,123,50.13095,302,,,,,53.858326,28,,,,61.28208,46.205853,,,,,false,false,,,,,,,28,,54,182,153,162,171,181,186,191,200,3309,72,96,2,0,0,0,,,,,,,,,58.0,false,false,false,3475,0,0,,,,,,,,2024-04-25T17:15:08Z,2026-04-28T12:36:27Z,,"fit","astroseirk@gmail.com_249528364364.fit",,,
i143685084,2024-04-24T17:58:56,"Copenhagen - W15 Thu Easy Run - 8km Easy Run","Run",3739,10009.39,4064,47.980335,3.751,2.662,true,178,162,87.74113,609,true,,,,81.585846,71,,2,2.6770232,66.39304,46.644527,,,,,false,false,,,,,,,71,,54,182,153,162,171,181,186,191,200,384,1131,1821,405,0,0,0,,,,,,,,,58.0,false,false,false,3840,300,300,,,,,,,,2024-04-24T15:58:56Z,2026-04-28T12:36:26Z,,"fit","astroseirk@gmail.com_249319684702.fit",,,
i143685076,2024-04-23T21:52:17,"W15 Mon Intervals - 400m Repeats","VirtualRun",1944,7600.0,3397,,7.007,2.921,true,194,168,86.33573,428,true,,,,70.87493,39,,7,3.909465,65.68558,46.05768,,,,true,false,false,,,,,,,39,,54,182,153,162,171,181,186,191,200,308,299,466,593,128,50,14,,,,,,,,,58.0,false,false,false,2795,300,300,33,190,,,,,,2024-04-23T19:52:17Z,2026-04-28T12:36:23Z,,"fit","astroseirk@gmail.com_249152177903.fit",,,
i143685074,2024-04-22T19:15:20,"Pilates","Pilates",1737,,1737,,,0.0,true,160,122,55.925533,169,,,,,55.8049,15,,,,69.78355,46.227734,,,,,false,false,,,,,,,15,,54,182,153,162,171,181,186,191,200,1628,109,0,0,0,0,0,,,,,,,,,58.0,false,false,false,1734,0,0,,,,,,,,2024-04-22T17:15:20Z,2026-04-28T12:36:22Z,,"fit","astroseirk@gmail.com_248927046179.fit",,,
i143685061,2024-04-21T11:58:27,"Copenhagen - W14 Wed Intervals - 1km Repeats","Run",4917,13427.55,5400,140.30022,4.161,2.675,true,188,171,85.238754,843,true,,,,89.05824,113,,8,2.7308419,78.19638,46.980175,,,,,false,false,,,,,,,113,,54,182,153,162,171,181,186,191,200,252,521,1452,1931,679,82,0,,,,,,,,,58.0,false,false,false,5129,300,300,34,183,,,,,,2024-04-21T09:58:27Z,2026-04-28T12:36:22Z,,"fit","astroseirk@gmail.com_248674536542.fit",,,
i143685043,2024-04-20T10:31:27,"Gentofte Running","Run",6856,18754.78,7209,176.3063,4.087,2.724,true,188,178,90.49114,1187,true,,,,96.2991,178,,4,2.735528,72.85176,45.389412,,,,,false,false,,,,,,,178,,54,182,153,162,171,181,186,191,200,31,57,513,3871,2354,31,0,,,,,,,,,58.0,false,false,false,6910,300,300,,,,,,,,2024-04-20T08:31:27Z,2026-04-28T12:36:18Z,,"fit","astroseirk@gmail.com_248468416543.fit",,,
i143685035,2024-04-18T18:03:14,"Copenhagen Running","Run",2554,7850.53,3303,15.981111,3.9,3.038,true,189,168,89.98038,442,true,,,,87.48634,57,,6,3.0738175,65.41252,43.210808,,,,,false,false,,,,,,,57,,54,182,153,162,171,181,186,191,200,381,176,681,670,467,179,0,,,,,,,,,58.0,false,false,false,2681,300,300,,,,,,,,2024-04-18T16:03:14Z,2026-04-28T12:36:14Z,,"fit","astroseirk@gmail.com_248129263827.fit",,,
i143685018,2024-04-18T16:44:06,"Herlev Running","Run",2441,6466.93,2554,27.395546,3.583,2.64,true,178,168,89.72179,408,true,,,,87.67753,53,,2,2.6492953,65.41252,43.210808,,,,,false,false,,,,,,,53,,54,182,153,162,171,181,186,191,200,176,153,798,1312,0,0,0,,,,,,,,,58.0,false,false,false,2482,300,300,,,,,,,,2024-04-18T14:44:06Z,2026-04-28T12:36:11Z,,"fit","astroseirk@gmail.com_248117065178.fit",,,
i143685015,2024-04-17T21:11:56,"Treadmill Running","VirtualRun",2048,9320.0,3480,,4.143,2.986,true,200,167,88.42424,513,true,,,,71.1955,44,,5,4.5507812,58.56545,41.601505,,,,true,false,false,,,,,,,44,,54,182,153,162,171,181,186,191,200,345,140,432,449,218,177,160,,,,,,,,,58.0,false,false,false,3125,300,300,45,200,,,,,,2024-04-17T19:11:56Z,2026-04-28T12:36:09Z,,"fit","astroseirk@gmail.com_247958111139.fit",,,
i143685007,2024-04-15T17:00:15,"Strength","WeightTraining",5074,,5074,,,0.0,true,178,121,,426,,,,,53.939976,41,,,,70.13928,42.54472,,,,,false,false,,,,,,,41,,54,182,153,162,171,181,186,191,200,4873,153,37,12,0,0,0,,,,,,,,,58.0,false,false,false,5073,1200,600,,,,,,,,2024-04-15T15:00:15Z,2026-04-28T12:36:09Z,,"fit","astroseirk@gmail.com_247527122166.fit",,,
i143685004,2024-04-14T17:20:39,"Treadmill Running","VirtualRun",3355,10260.0,3377,,3.546,3.038,true,196,179,87.56185,617,true,,,,97.419304,89,,5,3.0581222,74.61406,43.569843,,,,true,false,false,,,,,,,89,,54,182,153,162,171,181,186,191,200,69,97,535,1214,506,643,285,,,,,,,,,58.0,false,false,false,3376,300,300,,,,,,,,2024-04-14T15:20:39Z,2026-04-28T12:36:08Z,,"fit","astroseirk@gmail.com_247329501843.fit",,,
i143684998,2024-04-13T11:20:18,"Strength","WeightTraining",5588,,5588,,,0.0,true,191,139,,512,,,,,70.46327,77,,,,72.404884,42.475193,,,,,false,false,,,,,,,77,,54,182,153,162,171,181,186,191,200,3808,121,204,714,539,203,0,,,,,,,,,58.0,false,false,false,5583,1200,600,31,183,,,,,,2024-04-13T09:20:18Z,2026-04-28T12:36:07Z,,"fit","astroseirk@gmail.com_247063517087.fit",,,
i143684991,2024-04-12T16:00:15,"Herlev Running","Run",3960,9826.17,4180,42.290283,3.126,2.468,true,176,164,87.81427,614,true,,,,83.44195,78,,4,2.4813561,71.699234,43.498642,,,,,false,false,,,,,,,78,,54,182,153,162,171,181,186,191,200,142,869,2708,232,0,0,0,,,,,,,,,58.0,false,false,false,4033,300,300,,,,,,,,2024-04-12T14:00:15Z,2026-04-28T12:36:06Z,,"fit","astroseirk@gmail.com_246898973189.fit",,,
i143684954,2024-04-10T16:01:07,"Copenhagen - W13 Sat Long Run - 32km Long Run","Run",11888,30000.34,14206,136.53856,3.882,2.499,true,167,154,88.742905,1771,true,,,,74.143654,191,,7,2.5235817,81.59357,43.695404,,,,,false,false,,,,,,,191,,54,182,153,162,171,181,186,191,200,4338,6745,831,0,0,0,0,,,,,,,,,58.0,false,false,false,12508,300,300,,,,,,,,2024-04-10T14:01:07Z,2026-04-28T12:36:03Z,,"fit","astroseirk@gmail.com_246519528034.fit",,,
i143684944,2024-04-09T17:07:06,"Copenhagen - W13 Mon Tempo - Over and Unders","Run",3684,11016.19,4456,53.663857,3.891,2.959,true,187,172,87.56717,635,true,,,,88.10538,85,,6,2.9902797,64.792564,40.146065,,,,,false,false,,,,,,,85,,54,182,153,162,171,181,186,191,200,230,407,652,2073,312,17,0,,,,,,,,,57.5,false,false,false,3942,300,300,,,,,,,,2024-04-09T15:07:06Z,2026-04-28T12:35:55Z,,"fit","astroseirk@gmail.com_246299972383.fit",,,
i143684933,2024-04-07T10:29:25,"Gentofte Running","Run",1554,5034.69,1559,8.533676,3.508,3.229,true,194,187,88.06572,295,true,,,,105.31449,48,,5,3.2398262,71.16274,40.006588,,,,,false,false,,,,,,,48,,54,182,153,162,171,181,186,191,200,22,41,43,49,143,1069,188,,,,,,,,,57.5,false,false,false,1558,300,300,,,,,,,,2024-04-07T08:29:25Z,2026-04-28T12:35:52Z,,"fit","astroseirk@gmail.com_245829469956.fit",,,
i143684931,2024-04-07T10:11:01,"Gentofte Running","Run",810,2045.7,868,3.689907,4.217,2.354,true,186,162,85.99373,138,true,,,,81.50827,16,,2,2.5255556,71.16274,40.006588,,,,,false,false,,,,,,,16,,54,182,153,162,171,181,186,191,200,84,295,303,74,48,0,0,,,,,,,,,57.5,false,false,false,867,0,0,19,183,,,,,,2024-04-07T08:11:01Z,2026-04-28T12:35:50Z,,"fit","astroseirk@gmail.com_245824447997.fit",,,
i143684922,2024-04-06T12:02:26,"Copenhagen Running","Run",3819,8013.28,4604,33.35868,3.2,2.045,true,158,140,83.96074,448,true,,,,63.685486,46,,2,2.0982666,72.26269,39.42846,,,,,false,false,,,,,,,46,,54,182,153,162,171,181,186,191,200,3475,343,0,0,0,0,0,,,,,,,,,57.5,false,false,false,4083,300,300,,,,,,,,2024-04-06T10:02:26Z,2026-04-28T12:35:49Z,,"fit","astroseirk@gmail.com_245650298251.fit",,,
i143684918,2024-04-06T09:05:06,"Strength","WeightTraining",5951,,5951,,,0.0,true,192,132,,592,,,,,67.368965,75,,,,72.26269,39.42846,,,,,false,false,,,,,,,75,,54,182,153,162,171,181,186,191,200,3846,118,362,1254,324,46,2,,,,,,,,,57.5,false,false,false,5949,1200,600,20,185,,,,,,2024-04-06T07:05:06Z,2026-04-28T12:35:46Z,,"fit","astroseirk@gmail.com_245623651655.fit",,,
i143684915,2024-04-05T18:38:26,"Treadmill Running","VirtualRun",2334,7420.0,2536,,3.331,2.925,true,180,162,86.03436,380,true,,,,79.9408,45,,3,3.1790917,64.77834,39.270115,,,,true,false,false,,,,,,,45,,54,182,153,162,171,181,186,191,200,361,684,267,955,0,0,0,,,,,,,,,57.5,false,false,false,2535,300,300,,,,,,,,2024-04-05T16:38:26Z,2026-04-28T12:35:45Z,,"fit","astroseirk@gmail.com_245503874865.fit",,,
i143684913,2024-04-05T07:41:26,"Strength","WeightTraining",5254,,5254,,,0.0,true,195,147,,621,,,,,74.51998,81,,,,64.77834,39.270115,,,,,false,false,,,,,,,81,,54,182,153,162,171,181,186,191,200,2818,383,756,999,216,73,10,,,,,,,,,57.5,false,false,false,5251,1200,600,30,185,,,,,,2024-04-05T05:41:26Z,2026-04-28T12:35:45Z,,"fit","astroseirk@gmail.com_245421324585.fit",,,
i143684900,2024-04-01T13:43:46,"Copenhagen - W12 Mon Intervals - Mile Up & Ov","Run",2958,7699.36,3124,28.27136,3.751,2.579,true,185,157,85.06289,453,true,,,,78.66657,52,,3,2.6028938,85.006935,42.029446,,,,,false,false,,,,,,,52,,54,182,153,162,171,181,186,191,200,737,1052,796,352,13,0,0,,,,,,,,,57.5,false,false,false,3025,300,300,44,185,,,,,,2024-04-01T11:43:46Z,2026-04-28T12:35:45Z,,"fit","astroseirk@gmail.com_244688895148.fit",,,
i143684899,2024-03-31T18:36:11,"Strength","WeightTraining",3392,,3392,,,0.0,true,171,116,,260,,,,,51.517807,25,,,,90.075645,41.789204,,,,,false,false,,,,,,,25,,54,182,153,162,171,181,186,191,200,3097,278,18,0,0,0,0,,,,,,,,,57.5,false,false,false,3391,0,0,,,,,,,,2024-03-31T16:36:11Z,2026-04-28T12:35:42Z,,"fit","astroseirk@gmail.com_244537825555.fit",,,
i143684896,2024-03-31T17:40:15,"Treadmill Running","VirtualRun",2187,6015.61,3086,,2.948,2.653,true,168,149,87.51646,321,true,,,,72.4226,33,,2,2.7506218,90.075645,41.789204,,,,true,false,false,,,,,,,33,,54,182,153,162,171,181,186,191,200,1407,250,495,0,0,0,0,,,,,,,,,57.5,false,false,false,2265,300,300,,,,,,,,2024-03-31T15:40:15Z,2026-04-28T12:35:41Z,,"fit","astroseirk@gmail.com_244529558982.fit",,,
i143684862,2024-03-30T12:08:25,"Copenhagen - W11 Sat Long Run - 34km Long Run","Run",12016,34024.66,15725,165.2983,4.273,2.81,true,188,167,88.6859,1948,true,,,,84.293816,254,,6,2.8316128,95.00134,42.00098,,,,,false,false,,,,,,,254,,54,182,153,162,171,181,186,191,200,1148,1844,4568,4154,320,14,0,,,,,,,,,57.5,false,false,false,12869,300,300,,,,,,,,2024-03-30T11:08:25Z,2026-04-28T12:35:41Z,,"fit","astroseirk@gmail.com_244310875531.fit",,,
i143684858,2024-03-29T10:33:03,"Strength","WeightTraining",3207,,3207,,,0.0,true,155,113,,233,,,,,47.411945,20,,,,70.58472,36.892815,,,,,false,false,,,,,,,20,,54,182,153,162,171,181,186,191,200,3201,7,0,0,0,0,0,,,,,,,,,57.5,false,false,false,3203,0,0,,,,,,,,2024-03-29T09:33:03Z,2026-04-28T12:35:33Z,,"fit","astroseirk@gmail.com_244063890375.fit",,,
i143684852,2024-03-28T15:36:35,"Copenhagen Running","Run",1955,519.77,2719,0.0,2.883,0.216,true,190,153,88.59824,335,true,,,,62.114433,26,,4,0.26586702,78.35276,37.781757,,,,,false,false,,,,,,,26,,54,182,153,162,171,181,186,191,200,673,527,135,141,55,36,0,,,,,,,,,57.5,false,false,false,2426,300,300,43,185,,,,,,2024-03-28T14:36:35Z,2026-04-28T12:35:32Z,,"fit","astroseirk@gmail.com_243917070522.fit",,,
i143684847,2024-03-28T15:00:04,"Strength","WeightTraining",1902,,1902,,,0.0,true,170,124,,165,,,,,53.311398,15,,,,78.35276,37.781757,,,,,false,false,,,,,,,15,,54,182,153,162,171,181,186,191,200,1822,31,50,0,0,0,0,,,,,,,,,57.5,false,false,false,1900,0,0,,,,,,,,2024-03-28T14:00:04Z,2026-04-28T12:35:30Z,,"fit","astroseirk@gmail.com_243910414278.fit",,,
i143684843,2024-03-27T16:27:16,"W11 Wed Tempo - Over and Unders","VirtualRun",1713,4789.03,2012,,3.546,2.699,true,193,182,86.52096,327,true,,,,98.36848,49,,6,2.7956975,84.08884,38.065643,,,,true,false,false,,,,,,,49,,54,182,153,162,171,181,186,191,200,15,77,55,223,593,672,60,,,,,,,,,57.5,false,false,false,1823,300,300,,,,,,,,2024-03-27T15:27:16Z,2026-04-28T12:35:30Z,,"fit","astroseirk@gmail.com_243731773010.fit",,,
i143684836,2024-03-27T15:34:08,"Herlev Running","Run",2537,6718.72,2685,18.5504,3.48,2.601,true,182,171,89.065216,425,true,,,,89.05121,58,,4,2.6482933,84.08884,38.065643,,,,,false,false,,,,,,,58,,54,182,153,162,171,181,186,191,200,124,101,417,1896,3,0,0,,,,,,,,,57.5,false,false,false,2633,300,300,,,,,,,,2024-03-27T14:34:08Z,2026-04-28T12:35:29Z,,"fit","astroseirk@gmail.com_243726483764.fit",,,
i143684832,2024-03-27T07:18:00,"Strength","WeightTraining",6583,,6583,,,0.0,true,190,123,,597,,,,,61.20912,68,,,,84.08884,38.065643,,,,,false,false,,,,,,,68,,54,182,153,162,171,181,186,191,200,4897,549,506,446,119,21,0,,,,,,,,,57.5,false,false,false,6534,1200,600,27,189,,,,,,2024-03-27T06:18:00Z,2026-04-28T12:35:27Z,,"fit","astroseirk@gmail.com_243666519189.fit",,,
i143684818,2024-03-25T21:22:52,"Copenhagen Running","Run",3114,9026.8,3543,64.19932,3.891,2.871,true,181,169,88.0094,525,true,,,,86.536285,68,,4,2.8987796,80.897285,37.281834,,,,,false,false,,,,,,,68,,54,182,153,162,171,181,186,191,200,258,254,917,1689,0,0,0,,,,,,,,,57.5,false,false,false,3269,300,300,,,,,,,,2024-03-25T20:22:52Z,2026-04-28T12:35:27Z,,"fit","astroseirk@gmail.com_243383459963.fit",,,
i143684816,2024-03-24T01:39:52,"Running","Run",0,0.0,0,,,0.0,,,,,,,,,,,,,,NaN,82.87785,36.54167,,,,true,false,false,,,,,,,,,54,182,153,162,171,181,186,191,200,,,,,,,,,,,,,,,,57.5,false,false,false,,0,0,,,,,,,,2024-03-24T00:39:52Z,2026-04-28T12:35:24Z,,"fit","astroseirk@gmail.com_243024323985.fit",,,
i143684791,2024-03-23T10:46:00,"Copenhagen Running","Run",11251,30013.49,13038,111.42275,3.275,2.662,true,185,164,89.49013,1795,true,,,,83.84816,224,,6,2.6676288,95.60499,37.422153,,,,,false,false,,,,,,,224,,54,182,153,162,171,181,186,191,200,1442,2105,5112,2345,261,0,0,,,,,,,,,57.5,false,false,false,11470,300,300,14,182,,,,,,2024-03-23T09:46:00Z,2026-04-28T12:35:23Z,,"fit","astroseirk@gmail.com_242940318406.fit",,,
i143684783,2024-03-22T07:24:11,"Strength","WeightTraining",4596,,4596,,,0.0,true,190,124,,422,,,,,61.330482,48,,,,75.88801,32.926517,,,,,false,false,,,,,,,48,,54,182,153,162,171,181,186,191,200,3226,226,746,297,96,6,0,,,,,,,,,57.5,false,false,false,4594,1200,600,43,185,,,,,,2024-03-22T06:24:11Z,2026-04-28T12:35:16Z,,"fit","astroseirk@gmail.com_242703227923.fit",,,
i143684778,2024-03-21T19:07:52,"W10 Wed Intervals - Broken Miles","VirtualRun",2513,7014.32,3224,,4.106,2.521,true,189,161,87.843475,413,true,,,,77.473404,47,,4,2.7912135,80.17063,33.71989,,,,true,false,false,,,,,,,47,,54,182,153,162,171,181,186,191,200,833,473,183,451,340,118,0,,,,,,,,,57.5,false,false,false,2819,300,300,43,184,,,,,,2024-03-21T18:07:52Z,2026-04-28T12:35:15Z,,"fit","astroseirk@gmail.com_242604394944.fit",,,
i143684777,2024-03-21T07:05:26,"Strength","WeightTraining",5721,,5726,,,0.0,true,176,129,,575,,,,,64.42782,66,,,,80.17063,33.71989,,,,,false,false,,,,,,,66,,54,182,153,162,171,181,186,191,200,3741,641,1111,231,0,0,0,,,,,,,,,57.5,false,false,false,5724,1200,600,,,,,,,,2024-03-21T06:05:26Z,2026-04-28T12:35:13Z,,"fit","astroseirk@gmail.com_242513272559.fit",,,
i143684773,2024-03-20T19:51:57,"W10 Mon Tempo - Steady into On a","VirtualRun",3446,10050.0,3715,,3.882,2.869,true,190,168,88.28223,569,true,,,,86.9953,74,,5,2.9164248,75.12919,33.399902,,,,true,false,false,,,,,,,74,,54,182,153,162,171,181,186,191,200,443,310,1351,738,395,192,0,,,,,,,,,57.5,false,false,false,3520,300,300,12,183,,,,,,2024-03-20T18:51:57Z,2026-04-28T12:35:13Z,,"fit","astroseirk@gmail.com_242419606159.fit",,,
i143684770,2024-03-19T17:41:47,"Strength","WeightTraining",7772,,7772,,,0.0,true,195,129,,636,,,,,62.57052,84,,,,75.30259,32.421635,,,,,false,false,,,,,,,84,,54,182,153,162,171,181,186,191,200,6296,372,153,151,314,423,18,,,,,,,,,57.5,false,false,false,7724,1200,600,34,186,,,,,,2024-03-19T16:41:47Z,2026-04-28T12:35:13Z,,"fit","astroseirk@gmail.com_242214375562.fit",,,
i143684758,2024-03-18T17:57:09,"Copenhagen Running","Run",3729,9805.12,3761,33.56601,3.312,2.625,true,178,165,88.46276,601,true,,,,84.7399,75,,3,2.6294234,73.96697,33.202843,,,,,false,false,,,,,,,75,,54,182,153,162,171,181,186,191,200,140,338,2970,278,0,0,0,,,,,,,,,57.5,false,false,false,3760,300,300,,,,,,,,2024-03-18T16:57:09Z,2026-04-28T12:35:12Z,,"fit","astroseirk@gmail.com_242011888553.fit",,,
i143684754,2024-03-18T08:11:33,"Strength","WeightTraining",4302,,4302,,,0.0,true,179,129,,429,,,,,64.041954,49,,,,73.96697,33.202843,,,,,false,false,,,,,,,49,,54,182,153,162,171,181,186,191,200,2877,678,584,164,0,0,0,,,,,,,,,57.5,false,false,false,4301,1200,600,,,,,,,,2024-03-18T07:11:33Z,2026-04-28T12:35:09Z,,"fit","astroseirk@gmail.com_241935234211.fit",,,
i143684711,2024-03-16T10:25:02,"Copenhagen - W9 Sat Long Run - 26km Long Run","Run",9803,26009.23,11247,132.85822,4.068,2.634,true,188,164,88.41273,1525,true,,,,83.31546,196,,6,2.6531909,76.4625,32.971497,,,,,false,false,,,,,,,196,,54,182,153,162,171,181,186,191,200,988,2359,4578,1286,425,168,0,,,,,,,,,57.5,false,false,false,10165,300,300,,,,,,,,2024-03-16T09:25:02Z,2026-04-28T12:35:08Z,,"fit","astroseirk@gmail.com_241577027809.fit",,,
i143684707,2024-03-15T16:54:11,"Strength","WeightTraining",8071,,8071,,,0.0,true,179,121,,597,,,,,53.848198,65,,,,58.10573,29.043287,,,,,false,false,,,,,,,65,,54,182,153,162,171,181,186,191,200,7467,187,260,158,0,0,0,,,,,,,,,57.5,false,false,false,8070,1200,600,,,,,,,,2024-03-15T15:54:11Z,2026-04-28T12:35:02Z,,"fit","astroseirk@gmail.com_241432879447.fit",,,
i143684696,2024-03-14T07:08:28,"Copenhagen - W9 Thu Easy Run - 12km Easy Run","Run",3295,8055.37,3488,28.216917,3.014,2.431,true,183,165,89.35682,507,true,,,,84.40053,67,,4,2.4447253,57.04701,29.743092,,,,,false,false,,,,,,,67,,54,182,153,162,171,181,186,191,200,451,357,1279,1156,57,0,0,,,,,,,,,57.5,false,false,false,3386,300,300,,,,,,,,2024-03-14T06:08:28Z,2026-04-28T12:35:02Z,,"fit","astroseirk@gmail.com_241152265295.fit",,,
i143684686,2024-03-13T15:52:24,"Copenhagen - W9 Wed Tempo - Rolling 300s (10k","Run",2998,8481.23,3600,28.327837,3.732,2.801,true,186,168,88.59512,493,true,,,,86.96565,65,,,2.8289628,55.518578,28.845377,,,,,false,false,,,,,,,65,,54,182,153,162,171,181,186,191,200,261,748,686,972,325,0,0,,,,,,,,,57.5,false,false,false,3094,300,300,,,,,,,,2024-03-13T14:52:24Z,2026-04-28T12:34:59Z,,"fit","astroseirk@gmail.com_241032618423.fit",,,
i143684665,2024-03-12T20:22:22,"Copenhagen - W9 Mon Intervals - 800m Repeats","Run",4174,11273.63,4232,83.73729,3.975,2.676,true,191,173,82.52523,699,true,,,,92.24222,100,,5,2.7009175,54.062565,27.974222,,,,,false,false,,,,,,,100,,54,182,153,162,171,181,186,191,200,630,424,579,869,626,1031,0,,,,,,,,,57.5,false,false,false,4231,300,300,41,186,,,,,,2024-03-12T19:22:22Z,2026-04-28T12:34:56Z,,"fit","astroseirk@gmail.com_240875134367.fit",,,
i143684651,2024-03-10T10:04:01,"Copenhagen - W8 Thu Easy Run - 7km Easy Run (","Run",2915,7017.38,3215,22.166721,2.865,2.389,true,171,160,87.81075,420,true,,,,80.245995,53,,2,2.4073343,54.226994,26.870974,,,,,false,false,,,,,,,53,,54,182,153,162,171,181,186,191,200,478,784,1650,0,0,0,0,,,,,,,,,57.5,false,false,false,2963,300,300,,,,,,,,2024-03-10T09:04:01Z,2026-04-28T12:34:54Z,,"fit","astroseirk@gmail.com_240399966110.fit",,,
i143684648,2024-03-09T11:16:35,"Strength","WeightTraining",6622,,6622,,,0.0,true,190,145,,705,,,,,71.881454,95,,,,54.415417,26.241388,,,,,false,false,,,,,,,95,,54,182,153,162,171,181,186,191,200,4140,466,780,852,317,68,0,,,,,,,,,57.5,false,false,false,6619,1200,600,32,183,,,,,,2024-03-09T10:16:35Z,2026-04-28T12:34:51Z,,"fit","astroseirk@gmail.com_240229921161.fit",,,
i143684626,2024-03-08T17:02:51,"Copenhagen Running","Run",7304,19646.95,9437,129.37543,5.272,2.654,true,184,162,89.608765,1151,true,,,,81.71945,141,,3,2.689889,48.183044,26.87368,,,,,false,false,,,,,,,141,,54,182,153,162,171,181,186,191,200,1062,2457,2332,1354,101,0,0,,,,,,,,,57.5,false,false,false,7601,300,300,,,,,,,,2024-03-08T16:02:51Z,2026-04-28T12:34:50Z,,"fit","astroseirk@gmail.com_240097345181.fit",,,
i143684611,2024-03-06T19:29:41,"Copenhagen - W8 Mon Intervals - 1km Repeats (","Run",3004,8295.68,3362,91.97352,4.273,2.728,true,197,173,85.8795,504,true,,,,91.06502,73,,6,2.7615445,39.14001,24.705048,,,,,false,false,,,,,,,73,,54,182,153,162,171,181,186,191,200,174,244,718,1110,347,200,207,,,,,,,,,57.5,false,false,false,3169,300,300,40,185,,,,,,2024-03-06T18:29:41Z,2026-04-28T12:34:45Z,,"fit","astroseirk@gmail.com_239729180264.fit",,,
i143684582,2024-02-28T15:38:07,"Copenhagen - W7 Sat Long Run - 26km Long Run","Run",9866,26019.1,11088,115.043976,3.49,2.618,true,194,163,88.31012,1540,true,,,,82.694275,194,,6,2.637249,79.97756,27.1565,,,,,false,false,,,,,,,194,,54,182,153,162,171,181,186,191,200,1097,3752,2501,2341,130,10,42,,,,,,,,,58.0,false,false,false,10213,300,300,10,182,,,,,,2024-02-28T14:38:07Z,2026-04-28T12:34:43Z,,"fit","astroseirk@gmail.com_238396185329.fit",,,
i143684570,2024-02-27T12:13:29,"Copenhagen - W7 Mon Intervals - Extended Kms","Run",3050,8336.58,3313,97.964935,4.647,2.672,true,192,171,83.39045,506,true,,,,88.78282,70,,5,2.733305,62.467705,23.136366,,,,,false,false,,,,,,,70,,54,182,153,162,171,181,186,191,200,223,338,852,1047,418,164,5,,,,,,,,,58.0,false,false,false,3197,300,300,40,182,,,,,,2024-02-27T11:13:29Z,2026-04-28T12:34:36Z,,"fit","astroseirk@gmail.com_238163054409.fit",,,
i143684567,2024-02-26T20:34:10,"Strength","WeightTraining",2637,,2637,,,0.0,true,162,109,,178,,,,,45.30399,15,,,,61.31101,22.007175,,,,,false,false,,,,,,,15,,54,182,153,162,171,181,186,191,200,2602,36,0,0,0,0,0,,,,,,,,,58.0,false,false,false,2631,0,0,,,,,,,,2024-02-26T19:34:10Z,2026-04-28T12:34:33Z,,"fit","astroseirk@gmail.com_238039938825.fit",,,
i143684527,2024-02-24T11:04:48,"Copenhagen Running","Run",9737,25019.29,11037,109.11848,4.525,2.552,true,190,168,89.17236,1517,true,,,,86.72365,209,,5,2.569507,78.9301,23.080488,,,,,false,false,,,,,,,209,,54,182,153,162,171,181,186,191,200,439,1336,4841,2569,473,80,0,,,,,,,,,58.0,false,false,false,10004,300,300,13,184,,,,,,2024-02-24T10:04:48Z,2026-04-28T12:34:33Z,,"fit","astroseirk@gmail.com_237607545966.fit",,,
i143684522,2024-02-23T08:07:46,"Strength","WeightTraining",3321,,3321,,,0.0,true,192,157,,457,,,,,83.317764,64,,,,58.955917,18.600714,,,,,false,false,,,,,,,64,,54,182,153,162,171,181,186,191,200,1342,286,227,740,526,199,2,,,,,,,,,58.0,false,false,false,3319,0,0,47,186,,,,,,2024-02-23T07:07:46Z,2026-04-28T12:34:26Z,,"fit","astroseirk@gmail.com_237387381420.fit",,,
i143684508,2024-02-22T07:17:50,"Copenhagen - W6 Thu Easy Run - 8km Easy Run (","Run",3110,8161.7,3245,26.990723,4.236,2.604,true,185,171,90.52844,509,true,,,,88.68578,70,,4,2.624341,58.181324,19.048903,,,,,false,false,,,,,,,70,,54,182,153,162,171,181,186,191,200,89,307,915,1747,46,0,0,,,,,,,,,58.0,false,false,false,3204,300,300,,,,,,,,2024-02-22T06:17:50Z,2026-04-28T12:34:25Z,,"fit","astroseirk@gmail.com_237201335295.fit",,,
i143684492,2024-02-21T17:44:10,"Copenhagen - W6 Wed Tempo - Tempo 1200s (9.1k","Run",3119,9122.21,3864,121.26862,4.208,2.885,true,192,174,88.04773,534,true,,,,93.24756,77,,6,2.9247227,56.36639,17.821224,,,,,false,false,,,,,,,77,,54,182,153,162,171,181,186,191,200,94,200,546,1522,420,296,38,,,,,,,,,58.0,false,false,false,3188,300,300,13,189,,,,,,2024-02-21T16:44:10Z,2026-04-28T12:34:22Z,,"fit","astroseirk@gmail.com_237100917654.fit",,,
i143684490,2024-02-20T19:18:55,"Strength","WeightTraining",3817,,3855,,,0.0,true,170,120,,299,,,,,52.325916,29,,,,53.19779,16.395298,,,,,false,false,,,,,,,29,,54,182,153,162,171,181,186,191,200,3594,115,110,0,0,0,0,,,,,,,,,58.0,false,false,false,3813,1200,600,,,,,,,,2024-02-20T18:18:55Z,2026-04-28T12:34:20Z,,"fit","astroseirk@gmail.com_236926951904.fit",,,
i143684478,2024-02-18T18:02:06,"Copenhagen Running","Run",3055,7415.4,3062,64.26556,3.191,2.422,true,182,166,88.25164,477,true,,,,85.391655,62,,2,2.4272995,65.65368,17.194914,,,,,false,false,,,,,,,62,,54,182,153,162,171,181,186,191,200,43,711,2030,269,3,0,0,,,,,,,,,58.0,false,false,false,3061,300,300,17,182,,,,,,2024-02-18T17:02:06Z,2026-04-28T12:34:19Z,,"fit","astroseirk@gmail.com_236545019619.fit",,,
i143684444,2024-02-17T13:25:03,"Copenhagen Running","Run",9017,22109.14,9507,106.26957,3.378,2.423,true,181,165,90.094406,1345,true,,,,84.126236,181,,4,2.4519398,66.21476,16.115324,,,,,false,false,,,,,,,181,,54,182,153,162,171,181,186,191,200,471,1042,6928,572,0,0,0,,,,,,,,,58.0,false,false,false,9207,300,300,,,,,,,,2024-02-17T12:25:03Z,2026-04-28T12:34:17Z,,"fit","astroseirk@gmail.com_236331401400.fit",,,
i143684438,2024-02-16T08:35:57,"Strength","WeightTraining",1962,,1962,,,0.0,true,191,151,,241,,,,,82.13699,36,,,,48.587765,12.142389,,,,,false,false,,,,,,,36,,54,182,153,162,171,181,186,191,200,801,7,36,813,230,44,0,,,,,,,,,58.0,false,false,false,1921,0,0,40,191,,,,,,2024-02-16T07:35:57Z,2026-04-28T12:34:10Z,,"fit","astroseirk@gmail.com_236091955105.fit",,,
i143684434,2024-02-15T18:05:35,"Strength","WeightTraining",3828,,3828,,,0.0,true,199,161,,548,,,,,85.65827,78,,,,50.520805,12.434963,,,,,false,false,,,,,,,78,,54,182,153,162,171,181,186,191,200,1309,355,372,763,655,367,8,,,,,,,,,58.0,false,false,false,3827,1200,600,31,184,,,,,,2024-02-15T17:05:35Z,2026-04-28T12:34:10Z,,"fit","astroseirk@gmail.com_235989993365.fit",,,
i143684418,2024-02-13T18:39:18,"Copenhagen - W4 Thu Tempo - Tempo 4k (7km)","Run",2560,7239.05,2844,53.70264,4.012,2.755,true,194,174,85.88397,444,true,,,,92.92301,65,,6,2.8277538,53.41117,13.0414295,,,,,false,false,,,,,,,65,,54,182,153,162,171,181,186,191,200,121,323,541,323,589,495,173,,,,,,,,,58.0,false,false,false,2710,300,300,32,191,,,,,,2024-02-13T17:39:18Z,2026-04-28T12:34:09Z,,"fit","astroseirk@gmail.com_235621975985.fit",,,
i143684414,2024-02-12T20:26:14,"Copenhagen Cycling","Ride",2059,7711.12,9707,24.0,5.804,3.387,true,173,144,,310,,,,,68.97615,30,,2,3.7450802,51.631535,11.789475,,,,,false,false,,250,,,,,30,,54,182,146,162,170,181,186,191,200,723,1112,204,56,0,0,0,,,,,,,,,58.0,false,false,false,2270,1200,600,,,,,,,,2024-02-12T19:26:14Z,2026-04-28T12:34:07Z,,"fit","astroseirk@gmail.com_235462204118.fit",,,
i143684405,2024-02-12T17:54:58,"Strength","WeightTraining",5928,,5928,,,0.0,true,177,131,,541,,,,,61.864384,63,,,,51.631535,11.789475,,,,,false,false,,,,,,,63,,54,182,153,162,171,181,186,191,200,4591,636,573,129,0,0,0,,,,,,,,,58.0,false,false,false,5926,1200,600,,,,,,,,2024-02-12T16:54:58Z,2026-04-28T12:34:06Z,,"fit","astroseirk@gmail.com_235436613777.fit",,,
i143684399,2024-02-12T17:36:53,"Copenhagen Walking","Walk",639,856.94,1038,5.0,2.874,1.199,true,148,124,58.260162,57,,,,,51.832104,5,,,1.3410642,51.631535,11.789475,,,,,false,false,,,,,,,5,,54,182,153,162,171,181,186,191,200,642,0,0,0,0,0,0,,,,,,,,,58.0,false,false,false,670,0,0,,,,,,,,2024-02-12T16:36:53Z,2026-04-28T12:34:06Z,,"fit","astroseirk@gmail.com_235423127384.fit",,,
i143684373,2024-02-11T13:30:38,"Copenhagen Running","Run",5778,16009.4,6617,92.933655,3.583,2.718,true,189,176,87.47395,967,true,,,,92.61978,146,,7,2.7707512,44.51096,11.230212,,,,,false,false,,,,,,,146,,54,182,153,162,171,181,186,191,200,87,326,776,3076,1464,59,0,,,,,,,,,58.0,false,false,false,6127,300,300,,,,,,,,2024-02-11T12:30:38Z,2026-04-28T12:34:05Z,,"fit","astroseirk@gmail.com_235223385651.fit",,,
i143684371,2024-02-09T08:01:32,"Strength","WeightTraining",3785,,3785,,,0.0,true,186,150,,491,,,,,79.067505,65,,,,33.367786,8.175253,,,,,false,false,,,,,,,65,,54,182,153,162,171,181,186,191,200,1526,288,529,1273,135,0,0,,,,,,,,,57.7,false,false,false,3743,1200,600,19,184,,,,,,2024-02-09T07:01:32Z,2026-04-28T12:34:01Z,,"fit","astroseirk@gmail.com_234811988595.fit",,,
i143684361,2024-02-08T21:00:03,"Copenhagen - W3 Thu Tempo - 1.5km Repeats (8.","Run",2798,7690.73,3046,24.633644,3.9,2.647,true,194,174,85.2735,471,true,,,,91.009674,69,,5,2.7486527,28.510187,8.372237,,,,,false,false,,,,,,,69,,54,182,153,162,171,181,186,191,200,255,164,463,1013,394,399,110,,,,,,,,,57.7,false,false,false,2999,300,300,30,187,,,,,,2024-02-08T20:00:03Z,2026-04-28T12:34:00Z,,"fit","astroseirk@gmail.com_234728341320.fit",,,
i143684357,2024-02-05T18:07:43,"Strength","WeightTraining",4284,,4284,,,0.0,true,165,121,,334,,,,,53.45849,34,,,,29.66473,7.2484727,,,,,false,false,,,,,,,34,,54,182,153,162,171,181,186,191,200,4066,206,13,0,0,0,0,,,,,,,,,57.7,false,false,false,4283,1200,600,,,,,,,,2024-02-05T17:07:43Z,2026-04-28T12:33:58Z,,"fit","astroseirk@gmail.com_234162008971.fit",,,
i143684353,2024-02-01T17:02:40,"Strength","WeightTraining",7430,,7430,,,0.0,true,192,127,,641,,,,,64.17938,85,,,,44.515266,7.9727454,,,,,false,false,,,,,,,85,,54,182,153,162,171,181,186,191,200,5601,346,275,595,391,221,2,,,,,,,,,57.7,false,false,false,7429,1200,600,34,185,,,,,,2024-02-01T16:02:40Z,2026-04-28T12:33:57Z,,"fit","astroseirk@gmail.com_233429107148.fit",,,
i143684338,2024-02-01T07:18:17,"Copenhagen Running","Run",3757,9395.42,3964,40.7956,2.874,2.373,true,189,170,88.30823,614,true,,,,87.35321,84,,5,2.5007772,44.515266,7.9727454,,,,,false,false,,,,,,,84,,54,182,153,162,171,181,186,191,200,113,422,1337,1695,157,17,0,,,,,,,,,57.7,false,false,false,3963,300,300,21,183,,,,,,2024-02-01T06:18:17Z,2026-04-28T12:33:56Z,,"fit","astroseirk@gmail.com_233347526855.fit",,,
i143684315,2024-01-27T19:06:24,"Copenhagen Running","Run",7699,16170.78,7949,145.71362,3.947,2.054,true,170,153,86.580574,950,true,,,,73.901566,120,,2,2.1003742,44.97601,6.75445,,,,,false,false,,,,,,,120,,54,182,153,162,171,181,186,191,200,3032,4502,151,0,0,0,0,,,,,,,,,57.7,false,false,false,7910,300,300,,,,,,,,2024-01-27T18:06:24Z,2026-04-28T12:33:53Z,,"fit","astroseirk@gmail.com_232517812958.fit",,,
i143684313,2024-01-26T18:14:28,"Cardio","Workout",4021,,4021,,,0.0,true,200,152,,436,,,,,79.21427,70,,,,33.454952,4.025772,,,,,false,false,,,,,,,70,,54,182,153,162,171,181,186,191,200,2492,160,71,155,197,457,490,,,,,,,,,57.7,false,false,false,4016,1200,600,29,187,,,,,,2024-01-26T17:14:28Z,2026-04-28T12:33:48Z,,"fit","astroseirk@gmail.com_232498575104.fit",,,
i143684301,2024-01-25T22:44:13,"Copenhagen - Tempo","Run",3218,8745.09,3705,29.723845,3.443,2.666,true,191,171,88.42509,526,true,,,,89.49649,74,,6,2.7175543,27.84291,4.122774,,,,,false,false,,,,,,,74,,54,182,153,162,171,181,186,191,200,182,337,1175,825,288,396,0,,,,,,,,,57.7,false,false,false,3326,300,300,,,,,,,,2024-01-25T21:44:13Z,2026-04-28T12:33:47Z,,"fit","astroseirk@gmail.com_232168901917.fit",,,
i143684297,2024-01-24T19:50:16,"Strength","WeightTraining",5746,,5746,,,0.0,true,171,120,,426,,,,,51.908737,43,,,,20.754797,2.439066,,,,,false,false,,,,,,,43,,54,182,153,162,171,181,186,191,200,5626,65,56,0,0,0,0,,,,,,,,,57.7,false,false,false,5745,1200,600,,,,,,,,2024-01-24T18:50:16Z,2026-04-28T12:33:44Z,,"fit","astroseirk@gmail.com_231974468191.fit",,,
i143684288,2024-01-23T23:28:31,"Copenhagen - Base","Run",3388,8489.41,3777,51.82271,4.479,2.462,true,187,168,88.26537,538,true,,,,85.76292,72,,5,2.5057292,17.338713,2.4978359,,,,,false,false,,,,,,,72,,54,182,153,162,171,181,186,191,200,235,589,1409,910,233,14,0,,,,,,,,,57.7,false,false,false,3524,300,300,,,,,,,,2024-01-23T22:28:31Z,2026-04-28T12:33:44Z,,"fit","astroseirk@gmail.com_231815104126.fit",,,
i143684284,2024-01-10T18:45:07,"Strength","WeightTraining",4363,,4363,,,0.0,true,192,134,,424,,,,,63.607166,49,,,,49.66704,1.0953958,,,,,false,false,,,,,,,49,,54,182,153,162,171,181,186,191,200,3468,292,206,225,104,67,2,,,,,,,,,57.7,false,false,false,4360,1200,600,29,190,,,,,,2024-01-10T17:45:07Z,2026-04-28T12:33:41Z,,"fit","astroseirk@gmail.com_229465797812.fit",,,
i143684281,2024-01-09T18:55:23,"Strength","WeightTraining",9932,,9932,,,0.0,true,194,124,,837,,,,,61.701134,105,,,,49.769478,1.1217896,,,,,false,false,,,,,,,105,,54,182,153,162,171,181,186,191,200,7783,548,404,468,333,333,64,,,,,,,,,57.7,false,false,false,9929,1200,600,33,191,,,,,,2024-01-09T17:55:23Z,2026-04-28T12:33:41Z,,"fit","astroseirk@gmail.com_229298116062.fit",,,
i143684277,2024-01-08T21:01:27,"Strength","WeightTraining",2663,,2663,,,0.0,true,181,127,,219,,,,,59.3083,26,,,,41.288002,1.1488193,,,,,false,false,,,,,,,26,,54,182,153,162,171,181,186,191,200,2188,26,213,237,0,0,0,,,,,,,,,57.7,false,false,false,2661,0,0,,,,,,,,2024-01-08T20:01:27Z,2026-04-28T12:33:40Z,,"fit","astroseirk@gmail.com_229115017969.fit",,,
i143684274,2024-01-07T13:28:29,"Strength","WeightTraining",5840,,5840,,,0.0,true,170,118,,416,,,,,52.673027,45,,,,43.635704,1.1765004,,,,,false,false,,,,,,,45,,54,182,153,162,171,181,186,191,200,5289,419,133,0,0,0,0,,,,,,,,,57.7,false,false,false,5839,1200,600,,,,,,,,2024-01-07T12:28:29Z,2026-04-28T12:33:40Z,,"fit","astroseirk@gmail.com_228882951586.fit",,,
i143684268,2024-01-06T13:41:45,"Strength","WeightTraining",4318,,4318,,,0.0,true,173,135,,416,,,,,63.296856,48,,,,43.426197,1.2048485,,,,,false,false,,,,,,,48,,54,182,153,162,171,181,186,191,200,3433,679,193,14,0,0,0,,,,,,,,,57.7,false,false,false,4313,1200,600,,,,,,,,2024-01-06T12:41:45Z,2026-04-28T12:33:39Z,,"fit","astroseirk@gmail.com_228703871093.fit",,,
i143684265,2024-01-05T20:17:40,"Strength","WeightTraining",5277,,5277,,,0.0,true,166,115,,356,,,,,48.8782,35,,,,42.72382,1.2338797,,,,,false,false,,,,,,,35,,54,182,153,162,171,181,186,191,200,5149,106,23,0,0,0,0,,,,,,,,,57.7,false,false,false,5274,1200,600,,,,,,,,2024-01-05T19:17:40Z,2026-04-28T12:33:38Z,,"fit","astroseirk@gmail.com_228577602863.fit",,,
i143684263,2024-01-04T18:35:30,"Cardio","Workout",4299,,4299,,,0.0,true,199,157,,554,,,,,85.372734,84,,,,43.909927,1.2636102,,,,,false,false,,,,,,,84,,54,182,153,162,171,181,186,191,200,1631,229,628,488,347,458,373,,,,,,,,,58.5,false,false,false,4149,1200,600,34,192,,,,,,2024-01-04T17:35:30Z,2026-04-28T12:33:37Z,,"fit","astroseirk@gmail.com_228388720615.fit",,,
i143684261,2024-01-03T18:56:52,"Running","Run",1698,4658.38,1837,17.0,4.497,2.536,true,200,189,84.57916,367,true,,,,103.84755,55,,7,2.743451,37.753494,1.2940573,,,,true,false,false,,,,,,,55,,54,182,153,162,171,181,186,191,200,15,17,28,45,162,631,796,,,,,,,,,58.5,false,false,false,1836,300,300,37,190,,,,,,2024-01-03T17:56:52Z,2026-04-28T12:33:36Z,,"fit","astroseirk@gmail.com_228204685768.fit",,,
i143684258,2024-01-03T17:55:14,"Strength","WeightTraining",3595,,3595,,,0.0,true,188,161,,549,,,,,83.75912,70,,,,37.753494,1.2940573,,,,,false,false,,,,,,,70,,54,182,153,162,171,181,186,191,200,966,781,773,843,204,29,0,,,,,,,,,58.5,false,false,false,3592,0,0,33,182,,,,,,2024-01-03T16:55:14Z,2026-04-28T12:33:36Z,,"fit","astroseirk@gmail.com_228200339766.fit",,,
i143684256,2023-12-31T14:37:17,"Cardio","Workout",3025,,3025,,,0.0,true,189,155,,471,,,,,88.15661,62,,,,32.41014,0.0,,,,,false,false,,,,,,,62,,54,182,153,162,171,181,186,191,200,779,149,150,965,682,152,0,,,,,,,,,58.5,false,false,false,2872,0,0,35,182,,,,,,2023-12-31T13:37:17Z,2026-04-28T12:33:35Z,,"fit","astroseirk@gmail.com_227653293595.fit",,,
i143684251,2023-12-30T18:45:24,"Strength","WeightTraining",3140,,3140,,,0.0,true,179,126,,318,,,,,58.675205,30,,,,27.866173,0.0,,,,,false,false,,,,,,,30,,54,182,153,162,171,181,186,191,200,2605,203,236,97,0,0,0,,,,,,,,,58.5,false,false,false,3137,0,0,,,,,,,,2023-12-30T17:45:24Z,2026-04-28T12:33:35Z,,"fit","astroseirk@gmail.com_227512226325.fit",,,
i143684248,2023-12-30T11:37:40,"Cardio","Workout",4335,,4335,,,0.0,true,192,136,,364,,,,,67.59869,55,,,,27.866173,0.0,,,,,false,false,,,,,,,55,,54,182,153,162,171,181,186,191,200,3069,30,136,674,316,107,4,,,,,,,,,58.5,false,false,false,4333,1200,600,20,190,,,,,,2023-12-30T10:37:40Z,2026-04-28T12:33:34Z,,"fit","astroseirk@gmail.com_227456179070.fit",,,
i143684242,2023-12-29T10:24:07,"Strength","WeightTraining",3963,,3963,,,0.0,true,131,97,,202,,,,,35.6708,14,,,,19.092417,0.0,,,,,false,false,,,,,,,14,,54,182,153,162,171,181,186,191,200,3964,0,0,0,0,0,0,,,,,,,,,58.5,false,false,false,3961,1200,600,,,,,,,,2023-12-29T09:24:07Z,2026-04-28T12:33:34Z,,"fit","astroseirk@gmail.com_227274309148.fit",,,
i143684238,2023-12-28T10:14:24,"Strength","WeightTraining",7069,,7069,,,0.0,true,164,105,,409,,,,,41.62312,34,,,,19.874434,0.0,,,,,false,false,,,,,,,34,,54,182,153,162,171,181,186,191,200,7053,15,2,0,0,0,0,,,,,,,,,58.5,false,false,false,7065,1200,600,,,,,,,,2023-12-28T09:14:24Z,2026-04-28T12:33:33Z,,"fit","astroseirk@gmail.com_227107599430.fit",,,
i143684235,2023-12-27T12:59:24,"Strength","WeightTraining",571,,571,,,0.0,true,160,137,,74,,,,,,6,,,,17.70524,0.0,,,,,false,false,,,,,,,6,,54,182,153,162,171,181,186,191,200,485,87,0,0,0,0,0,,,,,,,,,58.5,false,false,false,568,0,0,,,,,,,,2023-12-27T11:59:24Z,2026-04-28T12:33:32Z,,"fit","astroseirk@gmail.com_226942294185.fit",,,
i143684233,2023-12-27T12:15:47,"Cardio","Workout",1892,,1895,,,0.0,true,193,165,,302,,,,,88.278145,41,,,,17.70524,0.0,,,,,false,false,,,,,,,41,,54,182,153,162,171,181,186,191,200,357,83,474,617,259,96,8,,,,,,,,,58.5,false,false,false,1894,0,0,31,191,,,,,,2023-12-27T11:15:47Z,2026-04-28T12:33:31Z,,"fit","astroseirk@gmail.com_226938640170.fit",,,
i143684229,2023-12-27T09:23:31,"Strength","WeightTraining",10069,,10069,,,0.0,true,182,124,,808,,,,,55.453487,86,,,,17.70524,0.0,,,,,false,false,,,,,,,86,,54,182,153,162,171,181,186,191,200,9026,669,238,129,8,0,0,,,,,,,,,58.5,false,false,false,10068,1200,600,20,182,,,,,,2023-12-27T08:23:31Z,2026-04-28T12:33:31Z,,"fit","astroseirk@gmail.com_226934004857.fit",,,
i143684222,2023-12-25T16:18:17,"Strength","WeightTraining",6526,,6530,,,0.0,true,171,108,,392,,,,,43.930073,35,,,,,,,,,,false,false,,,,,,,35,,54,182,153,162,171,181,186,191,200,6225,149,152,0,0,0,0,,,,,,,,,58.5,false,false,false,6529,1200,600,,,,,,,,2023-12-25T15:18:17Z,2026-04-28T12:33:30Z,,"fit","astroseirk@gmail.com_226655562328.fit",,,